spelling;spellingWithRandomChars;spellingWithRandomCharsIgnoreSpaces;inflectionsWithRandomChars;definitionsContainingExpressions;definitionsStartingWithParenthesis;definitionsStartingWithRandomChars;examplesContainingExpressions;definitionsStartingWithTags;stringsEndingWithCurlyBraces
АБРЕВИАТУРА;false;false;;абревиатура (гафарин кьиле авай гьарфарикай ва я са шумуд гафунин кьатIарикай куьруь авуна туькIуьрнавай гаф, мес: МТС-машинринни тракторрин станция;;;;;
АГЕНТСТВО;false;false;;бязи учрежденийрин тIвар, мес: {телеграфное агентство СССР} СССР-дин телеграфдин агентство);;;;;
АКАДЕМИЯ;false;false;;;;;{Академия Наук СССР} СССР-дин Илимрин Академия.;;
АЛЛЕГОРИЯ;false;false;;;;;;<лит.> аллегория (са фикир тайин шикилда ттуна айгьамдалди, къаб алаз лугьун);
АЛЛИТЕРАЦИЯ;false;false;;;;;;<лит.> аллитерация (шиирда садхьтин ачух тушир сесер тикрарун);
АЛХИМИЯ;false;false;;;;;;<мн.нет.ист.> алхимия (юкьван виш йисара гьакIан металлар багьа металлриз, къизилдиз, гимишдиз элкъуьрдай рехъ жугъуриз алахъай тапан чIуру илим);
АЛЬБУМИН;false;false;;;;;;<биол.хим.> альбумин (ччан алай затIарин ва ччиляй экъечIдай затIарин организмдик квай еке метлеб авай затI-ладз);
АЛЬМАНАХ;false;false;;;;;;<лит.> альманах (жуьреба-жуьре писателрин произведенияр ттуна туькIуьрнаван кIватIал);
АММИАК;false;false;;;;;;<мн.нет.хим.> аммиак (азотдикайни водороддикай ибарат пис туьнт ни галай рангсуз газ);
АМПЛУА;false;false;;;;;;<ср.нескл.> амплуа (артистди къугъвазвай ролрин тегьер, жуьре);
АМУНИЦИЯ;false;false;;;;;;<мн.нет.воен.> амуниция (аскердин яракьдилайни парталрилай гъейри амай адаз герек тир затIар);
АНАФЕМА;false;false;;;;;;<уст.разг.> лянет;
АНЕМИЯ;false;false;;;;;;<мн.нет.мед.> анемия, (иви тIимил квайвилин зайифвал);
АНЕСТЕЗИЯ;false;false;;;;;;<мн.нет.мед.> анестезия, гьисс тийирвал, тIар хьуникай хабар тежервал;
АНТИТЕЗА;false;false;;;;;;<лит.> сад садаз къаншарвал, аксивал;
АНТИФАШИСТСКИЙ;false;false;;;;;;<полит.  > антифашистский, фашизмдиз акси тир, фашистриз акси тир;
АНТОЛОГИЯ;false;false;;;;;;<лит.> антология (хкягъай эсеррин ва шииррин кIватIал);
АНТРАЦИТ;false;false;;;;;;<мн.нет.мин.> антрацит (къванци цIивиндин са жуьре);
АПОГЕЙ;false;false;;;;;;<астр.> апогей (вацран орбитадин ччиливай виридалайни гзаф яргъа авай нукьтIа, точка);
АПОПЛЕКСИЯ;false;false;;;;;;<мн.нет.мед.> апоплексия (кьилин мефтIедиз иви авахьун ва идакди фалужди ягъай гьал хьун);
АППАРАТУРА;false;false;;;;;;<мн.нет.тех.> аппаратура, аппаратар (аппаратрин, алатрин жем-вири);
АРЛЕКИН;false;false;;;;;;<театр> арлекин (комедияда хъуьруьнардай роль къугъвадай артист);
АРТИКУЛИРОВАТЬ;false;false;;;;;;<несов.лингв.> артикуляция авун;
АРТИСТ;false;false;;;;;;<театр> артист;
АСБЕСТ;false;false;;;;;;<мин.см.> {азбест};
АТМОСФЕРА;false;false;;;;;;<физ.тех.> газдин тегьерда авай жисимри-телойри илисун, чуькьуьн алцумдай тек, мес. {давление в пять атмосфер} вад атмосферадин илисун, чуькьуьн;
АЦЕТИЛЕН;false;false;;;;;;<мн.нет.хим.> ацетилен (цIай кьадай рангсуз газ);
УБАЮКИВАТЬ;false;false;;;;;;<несов.см.> {убаюкать};
УВЕШИВАТЬ;false;false;;;;;;<несов.см.> {увешать};
УВЯЗЫВАТЬ;false;false;;;;;;<несов.см.> {увязать};
УГЛЕВОДОРОД;false;false;;;;;;<мн.нет.хим.> углеводород (углероддикайни водороддикай химический рекьелди садхьанвайди);
УГЛЕКИСЛОТА;false;false;;;;;;<мн.нет.хим.> углекислотадин (углекислый) газ;
УГОРЬ;false;false;;;;;;<м.зоол.> илан балугъ (гъуьлягъдин хьтин жендек авай еке са балугъ);
УГОЩАТЬ;false;false;;;;;;<несов.см.> {угостить};
УДОБРЯТЬ;false;false;;;;;;<несов.см.> {удобрить};
УДОСТАИВАТЬ;false;false;;;;;;<несов.см.> {удостоить};
УЗЫ;false;false;;;;;;<уст.> зунжурар, ракьар;
УКАЗ;false;false;;;;;{Указ Верховного Совета СССР} СССР-дин Верховный Советдин указ;;
УМОПОМРАЧЕНИЕ;false;false;;;;;;<мн.нет.уст.> см. {умопомешательство};
УНИЧИЖЕНИЕ;false;false;;;;;;<мн.нет.уст.> см. {унижение};
УПЕРЕТЬСЯ;false;false;;;(гафунал) кIевиз акъвазун, рекьив текъвез акъвазун, гьа са гаф кьуна акъвазун;;;;
УПОР;false;false;;;(кIвачер) акIурна акъваздай чка (затI;;;;
УПРАВДЕЛАМИ;false;false;;;({управляющий делами)} управделами (адарадин къенепатан крариз, къайдадиз, канцеляриядин крариз килигдай къуллугъэгьли);;;;
УПРАВДОМ;false;false;;;({управляющий домом} ва я {домами}) управдом (шегьерда коммунальный кIвалериз килигдай къуллугъэгьли);;;;
УСЕЯННЫЙ;false;false;;;(са затIаривди) ацIанвай|(са затIари) кьунвай;;;;
УСТА;false;false;;;;;;<ед.нет.уст.> кIуф;
УСТАВИТЬСЯ;false;false;;;(вилер) алкIурна килигиз акъвазун;;;;
УСТОЙ;false;false;;;;;;<пер.мн.> дибар, бинеяр;
УТИЛЬ;false;false;;;;;;<м.мн.нет> утиль (маса затI расун патал менфят къачуз жедай гадарнавай эски-уьскуь);
УТРЯСТИСЬ;false;false;;;;;;<пер.разг.> туькIуьн, дуьз хьун (са кар);
УЧИНИТЬ;false;false;;;(са кар) авун;;;;
УЧИТЬ;false;false;;;(кIелун, чирун:, эзберун (мес. жуван тарс);;;;
УШАТ;false;false;;;(сивик) ттумар квай челег;;;;
ХАРЧИ;false;false;;;;;;<мн.обл.> тIуьн-хъун;
ХВАТАТЬ;false;false;;;;;;<несов.> кьун, садлагьана кьун;
ХВАТИТЬ;false;false;;;;;{ХВАТИТЬ}бес хьун; акъакьун;;
ХЛЁСТКИЙ;false;false;;;;;;<пер.разг.> туьнт, тIардай (гафар);
ХЛОПЧАТОБУМАЖНЫЙ;false;false;;;;;;;памбаг ишлемишдай{
ХМЕЛЬ;false;false;;;;;;<м.мн.нет> <бот.> хмель (яргъи шуькIуь тан авай, алчуд жедай са набатат;
ХОДАТАЙ;false;false;;;(садан) патахъай хкечIдай кас, (садан) патахъай алахъдайди;;;;
ХОЗРАСЧЁТ;false;false;;;({хозяйственный расчёт}) <мн.нет> хозрасчёт (са карханади гъукуматдин бюджетдай пулунин куьмек къачун тийиз вичин доходралди, къазанжийралди вичин кIвалах кьиле тухунин къайда);;;;
ХОРУГВЬ;false;false;;;;;;<ист.> кьушундин пайдах;
ХРОМ;false;false;;;(тумаждин хъуьтуьл са жуьре);;;;
ХУДОЖЕСТВО;false;false;;;;;;<пер.разг.> пис кьуьруьк, пис уюн, нагьакьан кар;
ЧАШКА;false;false;;;(терездин) хел;;;;
ЧЕЛОВЕК;false;false;;;;;;<уст.ист.> къуллугъчи;
ЧЕЛЯДЬ;false;false;;;;;;<ж.собир.> къуллугъчияр, кIвалин къуллугъчияр (куьгьне заманда помещикдин крепостной лежберрикай-лукIарикай тир);
ЧЕТВЕРОСТИШИЕ;false;false;;;;;;<лит.> кьуд цIар авай бенд, кьуд цIарцIин бенд (шиирда);
ЧИСЛИТЕЛЬ;false;false;;;;;;<м.мат.> числитель (дробда къачузвай пай, мес. 3/5 дробда 3  числитель я);
ЧИТАЛЬНЫЙ ЗАЛ;true;false;;;;;;;
ЧТО-НИБУДЬ;false;false;;;;;;<местоим.> са затI;
ЩАВЕЛЬ;false;false;;;;;;<м.мн.нет> цурун пешер (недай, хуьрекдик кутадай, чуьлда акъечIдай);
ЩЕБЕНЬ;false;false;;;;;;<м.мн.нет> чирх, кукIварай куьлуь къванер, хирхем къванер (рекье, ччиле твадай);
ЩЕГОЛЯТЬ;false;false;;;;;;<пер.разг.> дамах авун, фурс авун;
ЩЁЛОЧЬ;false;false;;;;;;<ж.хим.> щёлочь (кудай химический затI я);
ЩУРИТЬСЯ;false;false;;;(вилер) агаж хьун;;;;
БАБА;false;false;;;;;;<тех.> куьрснавай зурба кIаш (руькуьнар, зурба хкар ва ихьтин маса кIарасар ччилиз ягъун патал ишлемишдай);
БАГРЕЦ;false;false;;;;;;<спец.> туьнт яр, яру ранг;
БАГРИТЬ;false;false;;;;;;<несов.спец.> къармахдалди, багордалди кьун;
БАЗЕДОВА БОЛЕЗНЬ;true;false;;;;;;;
БАЛЛИСТИКА;false;false;;;;;;<мн.нет.воен.> баллистика (тупунай акъатай гуьлле цавай финин гьакъиндай илим);
БАСНЯ;false;false;;;;;;<лит.> басня (эхирда несигьат гудай цIарар авай, аллегориядин, айгьамдин тегьерда туькIуьрнавай куьруь кьиса, нагъил);
БЕЗВОДЬЕ;false;false;;;;;;<мн.нет > яд авачирвал;
БЕЗДАРНОСТЬ;false;false;;;;;;<мн.нет> зигьинсузвал, бажарагъсузвал, талантсузвал;
БЕЗДНА;false;false;;;;;;<пер.разг.> сан-гьисаб авачир кьван;
БЕЗОБРАЗНЫЙ;false;false;;;;;;<лит.> образсуз, образар авачир (мес. шиирар);
БЕЛЛЕТРИСТ;false;false;;;;;;<лит.> беллетрист (беллетристикадин шейэр-романар, гьикаяяр кхьидайди);
БЕРКОВЕЦ;false;false;;берковец (СССР-да метрийрин система твадалди ишлемишай, 10 путунив барабар уьлчме);;;;;
БЕСПРЕРЫВНЫЙ;false;false;;;(ара) датIур, акъваз тийир;;;;
БЛАГОВОЛИТЬ;false;false;;;(садан) хатур кIан хьун, хатурлу хьун, ччин къалурун.;;;;
БЛАГОДЕТЕЛЬ;false;false;;;(садаз) хъсанвал авурди, хъсанвал ийизвайди, хийир гузвайди;;;;
БЛОКИРОВАТЬ;false;false;;;;;;<воен.> элкъуьрна кьун, блокадада тIун;
БЛОКИРОВАТЬСЯ;false;false;;;;;;<полит.>  блок багъламишун, союз багъламишун, блокдик акахьун;
БОГОТВОРИТЬ;false;false;;;;;;<несов.пер.> кьадарсуз кIан хьун;
БОЛЬШЕ;false;false;;;(мадни) гзаф|(мадни) чIехи;;;;
БОЛЬШИЙ;false;false;;;(мадни) чIехи, (мадни) еке|(мадни) артух.;;;;
БОМБАРДИР;false;false;;;;;;<воен.уст.> бомбардир (виликди тупчи солдат);
БОМБОДЕРЖАТЕЛЬ;false;false;;;;;;<м.ав.> бомба куьрсдайди (самолётра бомба куьрсна кьадай алат);
БРЕХНЯ;false;false;;;;;;<разг.> тапарар;
БРОНЕНОСЕЦ;false;false;;;;;;<воен.мор.> броненосец (яргъаз ядай тупаривди яракьламишнавай, бронядивди кIевнавай дяведин пароход);
БРОНХИ;false;false;;;;;;<мн.анат.> бронхар (жигерар нефес къачудай чкадихъ галкIурзавай турбаяр);
БУДДИЗМ;false;false;;;;;;<рел.> буддизм (Буддадин дин);
БУКЕТ;false;false;;;(цуькверин) кIунчI;;;;
БУКЛИ;false;false;;;;;;<мн.уст.> бурма тилер (кьилин бурма авунвай чIарар);
БУРЖУА;false;false;;;;;;<м.нескл.> буржуа (буржуазиядин классдикай тир кас);
БЫЛИНА;false;false;;;;;;<лит.> былина (куьгьне девирдин пагьливанрикай, игитрикай туькIуьрнавай урус халкьдин эпический мани - кьиса);
БЫТОПИСАТЕЛЬ;false;false;;;;;;<м.лит.> яшайишдикай (яшайишдин темайрикай, историядикай) кхьидай писатель;
ГАД;false;false;;;;;;<пер.разг.> мурдар, мурдар кас;
ГАДЮКА;false;false;;;;;;<пер.разг.> гъуьлягъ, мурдар (дишегьли);
ГАЗ;false;false;;;;;;<физ.хим.> газ;
ГАЗЕЛЬ;false;false;;;;;;<ж.зоол.> газель (жейранрин жуьрейрикай са гьайван);
ГАРМОНИЗАЦИЯ;false;false;;;;;;<мн.нет.муз.> гармонизация, сад садав кьадайвал туькIуьрун;
ГАРМОНИЗИРОВАТЬ;false;false;;;;;;<несов.муз.> сад садав кьадайвал туькIурун (музыкада сесер);
ГАСИТЕЛЬ;false;false;;;(са кардин) экв хъуьткъуьрдай (туьхуьрдай) кас, вилик финиз рехъ тагур, баймишардай кас;;;;
ГЕОЛОГИЯ;false;false;;ГЕОЛОГИЯ <ж.нет> геология (ччилин чкал-къабух, ам туькIуьр хьанвай тегьер ва ана жезвай дегишвилер чирдай илим);;;;;
ГЕРБ;false;false;;мес. СССР-дин гербдал кIутадинни мукалдин шикил ала);;;;;
ГЕРОИНЯ;false;false;;;;;;<лит.> героиня, герой дишегьли (литературада);
ГИЕНА;false;false;;;;;;<зоол.> кафтар, кускафтар (гьайван);
ГИПЕРБОЛА;false;false;;;;;;<лит.> са вакъиа, са затI, са сифет кьадардилай артух лап екез къалурун.;
ГЛАЗОК;false;false;;;(картуфдин цIир ийидай) вил, тIур.;;;;
ГЛУХАРЬ;false;false;;;;;;<м.зоол.> глухарь (тамун верчерин жинсиникай са къуш);
ГЛЯНУТЬ;false;false;;;;;;<однокр.разг.> килигун;
ГНОЙНИК;false;false;;;(обществодиз зарарлу са гьалдин, кардин) муг, ирин кIватI хьанай чка;;;;
ГОВЕТЬ;false;false;;;;;;<несов.рел.> сив хуьн (якIун хуьрек нен тийиз пегьриз хуьн) ва клисадиз фин;
ГОВОР;false;false;;;;;;<мн.нет.пер.> ван, рахунриз ухшар сес;
ГОГОЛЬ;false;false;;;;;;<м.зоол.> чуьлдин уьрдегрин жинсиникай са къуш.;
ГОДОВЩИНА;false;false;;;(са вакъиадилай кьулухъ) йис тамам хьун;;;;
ГОМЕОПАТИЧЕСКИЙ;false;false;;;;;;<пер.разг.> лап тIимил, лап гъвечIи, нуькIрен вил кьван;
ГОМЕОПАТИЯ;false;false;;;;;;<мн.нет.мед.> гомеопатия;
ГОНКИ;false;false;;;;;;<мн.спорт.> чамарар, гьуьжетдалди гьалун;
ГОРКОМ;false;false;;;({городской комитет}) горком (шегьердин комитет);;;;
ГОРН;false;false;;;(домна пичинин агьада авай пай)|(цурцун зуьрне, карч хьтин музыкадин алат);;;;
ГОРОДИТЬ;false;false;;;;;;<обл.> жугъун элкъуьрун, пару элкъуьрун, гьасарда ттун;
ГОРСОВЕТ;false;false;;;({городской совет}) горсовет, шегьердин совет;;;;
ГОРТАНЬ;false;false;;;;;;<ж.анат.> кIалхан, туьтуьх;
ГОСПОДЬ;false;false;;;;;;<м.мн.нет> аллагь, агъа;
ГОССТРАХ;false;false;;;({государственное стра}{хование}) госстрах, государстводин страхование;;;;
ГРИМ;false;false;;;;;;<театр.> грим (сегьнедиз къугъваз экъечIдайла ччиниз ядай рангар);
ГРОЗДЬ;false;false;;;(ципIицIрин);;;;
ЕДВА;false;false;;;;;;<союз.> -мазди, -валди;
ЕДИНОМЫШЛЕННИК;false;false;;;(садахъ ва я садбрухъ галаз) фикир сад тир, сад хьтин фикирдал алай, фикирдив шерик тир;;;;
ЕЖЕЛИ;false;false;;;;;;<союз.уст.> см. {если};
ЕЙ-ЕЙ;false;false;;;;;;<межд.разг.> валлагь;
ЕЙ-ЖЕ-ЕЙ;false;false;;;;;;<межд.разг.> валлагь;
ЕСЛИ БЫ;true;false;;;;;;;
ЕСТЬ;false;false;;;;;;<межд.воен.> башуьсте, гьазур я;
ЕХИДНА;false;false;;;;;;<пер.разг.> туькьуьл мез авай кас, пис фендигар кас;
ЗАБАЛЛОТИРОВАТЬ;false;false;;;(сечкийра) сесер тагун, хкя тавун, аксиниз сес гун;;;;
ЗАБРОНИРОВАТЬСЯ;false;false;;;;;;<пер.разг.> жув хатадикай хуьн, саламатдиз хуьн, даддаламишун;
ЗАВЕРТЕТЬ;false;false;;;;;;<пер.разг.> кьил алчудрун, гваз экъуьн;
ЗАВЕРТЕТЬСЯ;false;false;;;;;;<пер.разг.> кьил чухвадай мажал тахьун (крарин, къайгъуйрин гуьгъуьна) ката-галтугдик акатун, челек-фелекда хьун;
ЗАВКОМ;false;false;;;({заводской комитет}) завком (заводда профсоюздин комитет);;;;
ЗАВХОЗ;false;false;;;({заведующий хозяйством}) завхоз (са идарадин майишатдин -хозяйстводин крар идара ийизвай кас);;;;
ЗАВЯЗЬ;false;false;;;;;;<ж.бот.> тумунин кисе (набататдин емиш кьадай чка);
ЗАГЛЯНУТЬ;false;false;;;;;;<пер.разг.> са кьил эцягъун, кьил къалурун, са гъвечIи геренди фин;
ЗАГОРОДИТЬ;false;false;;;(цал, жугъун) чIугун, элкъуьрун, элкъуьрна кIевун|(затIар эцигна рехъ, гьахьдай чка) кIевун, атIун;;;;
ЗАГРАДИТЕЛЬ;false;false;;;;;;<м.воен.> гьуьле минаяр кутадай гими;
ЗАГС;false;false;;;(кьейи-хьайи ва эвленмиш хьай ксар кхьидай отдел, чка);;;;
ЗАДАТКИ;false;false;;;({склонность}) бажарагъвилин лишанар, зигьиндин лишанар;;;;
ЗАДЁРГАТЬ;false;false;;;;;;<пер.разг.> ччан акъудун, ччандивай авун;
ЗАЕЗЖИЙ;false;false;;;(масанай) атай, атанвай.;;;;
ЗАКАТИТЬ;false;false;;;;;;<пер.разг.> вигьин, чуькьуьн, ягъун;
ЗАМЕНИТЬ;false;false;;;(са затIунин) чкадал (масад) эцигун, къачун: {заменить одного учителя другим} са учителдин чкадал масад тайинрун;;;;
ЗАНОСИТЬСЯ;false;false;;;(гзаф алукIуникди) куьгьне хьун, эски хьун;;;;
ЗАПАЛИТЬ;false;false;;;(туп) ягъун, ягъиз башламишун;;;;
ЗАПАРИТЬ;false;false;;;(гьамамда) ргар цик кягъиз ккул хьтиндалди жендек гатана гьял авун;;;;
ЗАПАРИТЬСЯ;false;false;;;(гьамамда) ргар цик кягъиз ккул хьтиндалди жуван жендек гатаз гьял авун, агалхьдайвал авун;;;;
ЗАПЕРЕТЬСЯ;false;false;;;(сана) гьахьна рак агалун, рак агална ацукьун;;;;
ЗАПИСЬ;false;false;;;(кхьей) чар, документ (са гзаф официальный чарарин тIвар);;;;
ЗАПИТЬ;false;false;;;(са затIунин) винелай хъун, агалдрун (яд ва мсб);;;;
ЗАРЕГИСТРИРОВАТЬ;false;false;;;(журналдиз, дафтардиз) ягъун, кхьин, регистрация авун;;;;
ЗАРЕЗАТЬ;false;false;;;(атIудай затIуналди) яна кьин;;;;
ЗАРОДЫШ;false;false;;;;;;<биол.бот.> см. эмбрион (набататдии ва я гьайванрин тумуникай винел акьалтиз, экъечIиз башламишнавай организм, цIир, кьерех);
ЗАРОЖДЕНИЕ;false;false;;;;;;<мн.нет.см.> {зародиться} и {зародить};
ЗАРУБИТЬ;false;false;;;(гапурдалди, туруналди) яна кьин, кукIварун;;;;
ЗАРЫТЬ;false;false;;;(ччилик) кутун, кучукун.;;;;
ЗАРЯБИТЬ;false;false;;;(вилерикай) цIарапIар авун;;;;
ЗАСЛЫШАТЬ;false;false;;;(ван) атун, хьун|(ни) атун;;;;
ЗАСТАВИТЬ;false;false;;;(са шей) эцигна рехъ кIевун|(са кар ийиз) тун;;;;
ЗАСТАВКА;false;false;;;(ктабдин ччинин) кьиле авай нехиш;;;;
ЗАСТЕНОК;false;false;;;(виликди дустагъханада) азабар гудай чка;;;;
ЗАСТИЧЬ;false;false;;;(бейхабардиз) агакьун;;;;
ЗАСТРОИТЬСЯ;false;false;;;(дараматар, кIвалер) эцигун, хьун (виликди буш тир чкадал);;;;
ЗАТАИТЬ;false;false;;;(рикIе) чуьнуьхун, чинеба рикIе хуьн;;;;
ЗАТУМАНИТЬСЯ;false;false;;;(накъвар) акьалтна кIев хьун (вилер);;;;
ЗАЩЕМИТЬ;false;false;;;(рикI) чуькьвей хьиз хьун, рикIин кIвенкI кIасай хьиз хьун;;;;
ЗДРАВИЦА;false;false;;;(садан) сагълугъдай стаканар хкажун, тост;;;;
ЗЕРНОСОВХОЗ;false;false;;;({зерновой совхоз}) техилрин совхоз;;;;
ЗЛАТО;false;false;;;;;;<мн.нет.уст.> см. {золото};
ЗМЕИТЬСЯ;false;false;;;(гъуьлягъ хьиз) къекъвез-къекъвез фин (мес. вацI, хвал);;;;
ЗНАМЕНАТЕЛЬ;false;false;;;;;;<м.мат.> знаменатель (дробда тек шумуд наюниз пай хьанватIа къалурзавай цифра);
ЗОДЧЕСТВО;false;false;;;;;;<мн.нет.уст.> архитекторвал, архитектура;
ЗООПАРК;false;false;;;({зоологический парк}) зоопарк, гьайванар хуьдай парк (абрун яшайиш, уьмуьр ахтармишун ва халкьдиз къалурун патал гьайванар хуьдай багъ);;;;
ЗЯБЛИК;false;false;;;(макьамар ядай са нуькI);;;;
КАКАДУ;false;false;;;;;;<м.нескл.> <зоол.> какаду (кьилел кукIуш алай са жуьредин туьтуькъуш);
КАКАО;false;false;;;;;;<ср.нескл.> какао (какав);
КАНАПЕ;false;false;;;;;;<ср.нескл.> канапе (са кьил хкажнавай, къаткидай диван, тахт хьтинди);
КАНОНЕРКА;false;false;;;({канонерская лодка}) канонерка, канонер лодка (дяведин гъвечIи гими);;;;
КАНТОН;false;false;;СССР-дик квай бязи республикайра виликди са чIавуз райондин тIвар;;;;;
КАНУН;false;false;;;(суварин ва мсб) вилик квай югъ;;;;
КАПАТЬ;false;false;;;(стIалар) авахьун, аватун, кIвахьун, стIал-стIал атун;;;;
КАПИТАЛОВЛОЖЕНИЕ;false;false;;;(са кардиз) ахъайнавай, эцигнавай (эцигдай, эцигзавай) капитал;;;;
КАТАТЬ;false;false;;;(фу акьалдай хьиз кIарцIелди) парталар цIалцIамрун, биришар дуьзрун;;;;
КЕНГУРУ;false;false;;;;;;<м.нескл.> кенгуру (Австралияда жедай, руфуник шарагар хтуна гваз фин патал чанта хьтинди квай са гьайван);
КИЛЬ;false;false;;;;;;<м.мор.> киль (гимидин кIан патан яргъивилихъди авай гъвар, шалман);
КИСТЬ;false;false;;;(ципицIрин);;;;
КЛАССНЫЙ;false;false;;;(см.{ класс});;;;
КЛАССОВЫЙ;false;false;;;(см.{ класс});;;;
КЛИКУША;false;false;;;(чIур жедай дишегьлиди хьиз нубатсуз гьарайдай) бушбугъаз политикачи;;;;
КЛИНОПИСЬ;false;false;;;;;;<лингв.> клинопись;
КЛИЧКА;false;false;;;(кIвалин гьайванриз гудай) тIвар;;;;
КЛУША;false;false;;;;;;<обл.> кьуртIи верч, какайрал ацукьнавай верч;
КОЛИ;false;false;;;;;;<союз.уст.> эгер.;
КОЛЛЕКТИВИЗИРОВАТЬ;false;false;;;;;;<сов.> <несов.> коллективламишун (коллектив туькIуьрун, коллективда сад авун);
КОЛЫМАГА;false;false;;;(къванер, къум чIугвадай) зурба фургъун;;;;
КОЛЬРАБИ;false;false;;;;;;<ж.нескл.> кольраби (турпунин акунар ва дад авай келемдин са жинс);
КОМСОД;false;false;;;({комиссия содействия)} куьмекдин комиссия;;;;
КОМСОМОЛ;false;false;;;({Коммунистический Союз Молодёжи}) комсомол (Жегьилрин Коммунистический Союз);;;;
КОМСОРГ;false;false;;;({комсомольский организатор}) комсорг, комсомолдин тешкилатчи;;;;
КОМСОСТАВ;false;false;;;({командный состав}) комсостав, командиррин состав, командирар;;;;
КОНАРМИЯ;false;false;;;({конная армия}) балкIанрал алай кьушун, балкIанрал алай армия;;;;
КООРДИНИРОВАТЬ;false;false;;;;;;<несов.> сад садав кьадайвал авун, кьурун;
КОРМИЛИЦА;false;false;;;(ччарадан) аялдиз нек гудай паб;;;;
КОРЧЁВКА;false;false;;;(кIанчIар) акъудун;;;;
КОСА;false;false;;;;;;<с.-х> дергес;
КОСНОЯЗЫЧИЕ;false;false;;;(рахунин ва кхьинрин къене) чIалан кубутвал;;;;
КОТОРЫЙ;false;false;;;(сложный предложениеда кьилди гафуналди перевод ийидач);;;;
КРЕМЛЬ;false;false;;Москвада СССР-дин гьукумат авай чка;;;;;
КРЕПОСТНОЕ ПРАВО;true;false;;;;;;;
КРИВДА;false;false;;;;;;<уст.> тапарар, ттаб, яланчивал;
КРИВЛЯКА;false;false;;;;;;<м.> <разг.> акъажай, кьуьруькар гвай, вичелай вил аладриз кьуьруькар ийидай кас;
КРЫНКА;false;false;;;(хъенчIин) гетIе;;;;
КРЯДУ;false;false;;;;;;<разг.> галаз-галаз;
КУДА;false;false;;;(придаточный предложениедик квай союз тирла гзаф вахтара кьилди гафуналди перевод ийидач);;;;
КУКОЛКА;false;false;;;(гьашаратдин, пепейрин, барамадин гъуьлягъдин) чилада амай, ахъа тахьанвай шараг;;;;
КУЛИ;false;false;;;;;;<ж.нескл.> кули (Китайда, Японияда, Индияда гьамбалар, ппар чIугвадай арабачи, фяле);
КУЛЬТМАССОВЫЙ;false;false;;;({культурно-массовый});;;;
КУПЕ;false;false;;;;;;<нескл.ж.-д.> купе (вагонда са шумуд касдиз кьилдин кIвал хьтин чка);
КУПЧАЯ;false;false;;;(мулк, кIвалер) маса къачунин чар;;;;
КУРЕВО;false;false;;;;;;<разг.> чIугвадай затI (тенбек ва мсб);
КУРСИВ;false;false;;;;;;<типог.> курсив (кхьинрин къене са чкадал дикъет чIугун патал ам маса тегьердин гьарфарал басма авун;
В, ВО;true;true;;;;;;;
ВАГА;false;false;;;;;;<лингв> (залан затIар хкаждай вагьрам, яцIу пая);
ВАЖНИЧАТЬ;false;false;;;;;;<разг.> абурвал авун, дамах къачун, яцIу хьун (кьама ялар тун);
ВАЛЁК;false;false;;;;;;<типог.> валёк (типографияда кIватIнавай гьарфарал, я чарчел ва масабрал ранг алтаддай элкъвей гъвечIи варданаг хьтинди);
ВАРВАРИ!ЗМ;false;false;;;;;;<лит.> варваризм (чIалаз маса чIалай къачунвай гаф ва я маса чIалан тегьерда туькIуьрнавай предложение);
ВАРВАРСКИЙ;false;false;;;;;;<.ист> варвардин;
ВБЕГАТЬ;false;false;;;;;;<несов.см.> {вбежать};
ВДАЛЬ;false;false;;;;;;<нареч.> яргъаз, яргъа чкадиз;
ВЕДАТЬ;false;false;;;;;;<уст.> чир хьун, чизваз хьун;
ВЕЛИЧАТЬ;false;false;;;;;;<уст.> тIвар лугьун, лугьун (са тIвар, лакIаб);
ВЕРСТАТКА;false;false;;;;;;<типог.> верстатка (типографияда гъилелди набор авун, гьарфар кIватIун патал прибор);
ВЕРСТАТЬ;false;false;;;;;;<несов.типог.> вёрстка авун (набор авунвай текст ктабдин ччинар хьиз пайна рамкада ттун);
ВЕРТУШКА;false;false;;;;;;<пер.разг.> ттум галтаддай, кьиле гар авайди (дишегьли);
ВЕСТЬ;false;false;;;;;;<уст.разг.> {бог весть} аллагьдиз чир хьуй, низ чида;
ВЗАИМНОСТЬ;false;false;;;(садан муьгьуьббатдиз муькуь терефдин патайни) къарши муьгьуьббат;;;;
ВЗМАХНУТЬ;false;false;;;(лувар) гатадун|(гъил) элягъун, юзурун;;;;
ВЗРЫХЛЯТЬ;false;false;;;;;;<несов.см.> { взрыхлить};
ВИЗАВИ;false;false;;;;;;<нареч.> сад садан вилик, сад садан къаншарда, ччин ччинал|<нескл.м> <ж> къаншарда ччин ччинал ацукьнавайди;
ВИНОГРАДАРСТВО;false;false;;;;;;<мн.нет.с.-х.> ципицIрин бахчачивал, уьзуьмчивал;
ВИНОДЕЛИЕ;false;false;;;;;;<мн.нет.с.-х.> чехирчивал, чехир авун;
ВИРАЖ;false;false;;;;;;<мор.ав.> пароход ва я самолёт рекьелай къерехдиз алчуд хьун.;
ВИСКИ;false;false;;;;;;<ср.нескл.> виски (туьнт инглис эрекь);
ВИСНУТЬ;false;false;;;;;;<пер.разг.> аруш хьун, алкIун (садал рикI алаз, алат тавун);
ВИТАТЬ;false;false;;;(фикирар) къекъуьн;;;;
ВИТЬ;false;false;;;(муг) авун;;;;
ВИШЬ;false;false;;;;;;<частица.разг.> аку, аку гьа;
ВКЛАД;false;false;;;;;;;вклад, кутур кар, кутур метлеблу са кар{
ВКЛИНИВАТЬ;false;false;;;;;;<несов.см> {. вклинить};
ВКЛЮЧАТЕЛЬ;false;false;;;;;;<м.тех.> включатель (вичелди электричестводин ток ахъайдай алат);
ВКЛЮЧАТЬСЯ;false;false;;;;;;<несов.см> {;<несов.см> {
ВКУШАТЬ;false;false;;;;;;<несов.см> {. вкусить};
ВЛАМЫВАТЬСЯ;false;false;;;;;;<несов.см> {. вломиться.};
ВЛАСТНЫЙ;false;false;;;;;;;гъиле ихтияр авай, гьукум гвай{
ВЛЕЗАТЬ;false;false;;;;;;<несов.см> {. влезть};
ВЛЕТЕТЬ;false;false;;;;;;<пер.разг.> туьгьмет атун, жаза галукьун;
ВМЕНЯТЬ;false;false;;;;;;<несов.см> {. вменить};
ВОДОВОРОТ;false;false;;;(вичелди чIугвадай) гужлу гьерекат;;;;
ВОЕВОДА;false;false;;;;;;<м.ист.> воевода;
ВОЕНКОМАТ;false;false;;;({военный комиссариат}) военкомат;;;;
ВОЕНКОР;false;false;;;({военный корреспондент)} дяведин корреспондент;;;;
ВОЕННОПОЛЕВОЙ СУД;true;false;;;;;;;
ВОЗВЕЛИЧИВАТЬ;false;false;;;;;;<несов.см.> {возвеличить};
ВОЗЛЕ;false;false;;;;;;<нареч.предл.> патав, мукьув;
ВОКЗАЛЬНЫЙ;false;false;;ВОКЗАЛЬНЫЙвокзалдин;;;;;
ВОЛНЕНИЕ;false;false;;;;;;<мн.полит.> къалабулухар, бунт ийиз къарагъунар;
ВОЛЧАНКА;false;false;;;;;;<мн.нет.мед.> мубарак (азар);
ВОЛЫНКА;false;false;;;;;;<мн.нет.пер.> кар галчIурун1  яргъал ракъурун, ленг авун;
ВОЛЬНОДУМСТВО;false;false;;;;;;<мн.нет.ист.> азад фикир авун;
ВОЛЬНОСТЬ;false;false;;;;;;<мн.нет> азадвал;
ВОЛЬТОВА ДУГА;true;false;;;;;;;
ВООРУЖИТЬ;false;false;;;(чирвилер) гун, яракьламишун;;;;
ВОРОНА;false;false;;;;;;<пер.разг.> сив ахъа пехъ, фикир чкIай ментеш;
ВОРОНИТЬ;false;false;;;;;;<несов.тех.> савад авун, цагъадин (рахулдин) яд гана чIулаврун (металл);
ВОСКЛИЦАТЕЛЬНЫЙ ЗНАК;true;false;;;;;;;
ВОСПАЛЁННЫЙ;false;false;;;;;;<мед.> яру хьанвай, дакIур, дакIуна яру хьанвай;
ВОСПАЛИТЬСЯ;false;false;;;;;;<пер.уст.> къизмиш хьун, туьнт хьун, акатун, атун (мес. пис хъел);
ВОСПАЛЯТЬСЯ;false;false;;;;;;<несов.см> {. воспалиться};
ВОСПРОИЗВОДСТВО;false;false;;;;;;<мн.нет.эк.> воспроизводство, цIийиз гьасил хъхьун, мад арадал хкун;
ВОССТАНАВЛИВАТЬ;false;false;;;;;;<несов.см.> {восстановить};
ВОССТАНОВЛЕНИЕ;false;false;;;;;;<.мн.нет> см. {восстановить} {и} {восстановиться};
ВОЯКА;false;false;;;;;;<разг.ирон.> дявечи, дявекар, куьшкуьндар, кукIунал рикI алайди;
ВРАЖДОВАТЬ;false;false;;;(сад садаз) душманар хьун, душманвал авун;;;;
ВРАКИ;false;false;;;;;;<ед.нет.разг.> буш гафар;
ВРАТА;false;false;;;;;;<ед.нет.уст.> см. {ворота};
ВРЯД ЛИ;true;false;;;;;;;
ВСЕВОБУЧ;false;false;;;({всеобщее военное обучение}) всевобуч, виридаз дяведин кар чирун, виридаз дяведин талим гун;;;;
ВСЕЗНАЙКА;false;false;;;;;;<ж.разг.ирон.> вичи вич гьар са кар чидайдай кьадайди;
ВСЕОБУЧ;false;false;;;({всеобщее обязательное обучение}) всеобуч, виридаз мажбури яз кIелиз тун;;;;
ВСКРЫТЬ;false;false;;;;;;<пер.> ачухун, дуьздал акъудун;
ВСПРЫГИВАТЬ;false;false;;;;;;<несов.см.> {вспрыгнуть};
ВСПРЫСНУТЬ;false;false;;;;;;<пер.разг.> муштулухдай хъун (ички);
ВСТРЕТИТЬСЯ;false;false;;;(сад садахъ галаз) гуьруьшмиш хьун.;;;;
ВСТРЕЧАТЬ;false;false;;;;;;<несов.см.> {встретить};
ВСТРЯХИВАТЬ;false;false;;;;;;<несов.см.> {встряхнуть};
ВСТРЯХИВАТЬСЯ;false;false;;;;;;<несов.см.> 1) {встряхнуться};
ВСТРЯХНУТЬСЯ;false;false;;;;;;<пер.разг.> рикI аладрун;
ВСТУПАТЬ;false;false;;;;;;<несов.см.> {вступить};
ВСТУПИТЬ;false;false;;;(са кар) ийиз эгечIун, башламишун;;;;
ВСУЧИТЬ;false;false;;;;;;<пер.разг.> чуькьуьн, сухун (яни алдатмишна ва я гужалди са затI  гун);
ВСЫПАТЬ;false;false;;;;;;<пер.разг.> чуькьуьн, вигьин (яни гатун ва я экъуьгъунар авун)|<несов.см.> {всыпать};
ВТИРАТЬ;false;false;;;;;;<несов.см.> {втереть};
ВТИРАТЬСЯ;false;false;;;;;;<несов.см.> 1) {втереться};
ВТИСКИВАТЬ;false;false;;;;;;<несов.см.> {втиснуть};
ВТОРА;false;false;;;;;;<муз.уст.> кьвед лагьай сес, зил (музыкада);
ВТУЗ;false;false;;;({высшее техническое учебное заведение}) втуз (чIехи дережадин технический школа);;;;
ВУЗ;false;false;;;({высшее учебное}{ заведение}) вуз (лап чIехи дережадин школа мес. институт, университет);;;;
ВУЛЬГАРИЗМ;false;false;;;;;;<лит.> вульгаризм (литературадин чIала ишлемишун адет тахьанвайди яз литературадин чIала ишлемишнавай гьакIан са нугьатдин, са жаргондин, вульгарный гаф);
ВЫГОВОРИТЬ;false;false;;;(сивяй) акъудун;;;;
ВЫДУВКА;false;false;;;;;;<мн.нет.тех.> уф ттуна (ял ттуна) расун (мес. шуьшеяр);
ВЫЕЗЖАТЬ;false;false;;;;;;<пер.разг.> жуван хиве авай кар масадав ийиз тун, масад ишлемишун, менфят къачун;
ВЫКОВАТЬ;false;false;;;;;;<пер.> яратмишун, гьазурун, арадал гъун;
ВЫКОПАТЬ;false;false;;;;;;<пер.разг.> жугъурун, къекъвена жагъурун;
ВЫКРУТАСЫ;false;false;;;;;;<ед.нет.разг.> кьуьруькар, уюнар;
ВЫКУРИТЬ;false;false;;;;;;<пер.разг.> алудун, рахкурун, чукурун;
ВЫМОТАТЬ;false;false;;;;;;<пер.разг.> аман атIун, ччан къачун, ччандал гъун;
ВЫПЕКАТЬ;false;false;;;;;;<несов.см.> {выпечь};
ВЫПЕКАТЬСЯ;false;false;;;;;;<несов.см.> 1) {выпечься};
ВЫПИВАТЬ;false;false;;;;;;<см.> {выпить};
ВЫПИХИВАТЬ;false;false;;;;;;<несов.см.> {выпихнуть};
ВЫПЛЁСКИВАТЬ;false;false;;;;;;<несов.см.> { выплескать и выплеснуть};
ВЫПУСКНИК;false;false;;;(школа) куьтягьайди, куьтягьна ахъаяйди;;;;
ВЫПУШКА;false;false;;;(цвалрив гутунвай) куьбе;;;;
ВЫСОВЫВАТЬСЯ;false;false;;;;;;<несов.см.> 1) {высунуться};
ВЫСТАВИТЬ;false;false;;;(къецихъ) акъудун|(къецихъ) акъудна эцигун;;;;
ВЫСТУКИВАТЬ;false;false;;;;;;<несов.см> {выстукать};
ВЫУЧИВАТЬСЯ;false;false;;;;;;<несов.см.> 1) {выучиться};
ВЫХОДЕЦ;false;false;;;(маса уьлкведай) куьч хьана атайди|(са социальный группадин) арадай акъатайди, тирди;;;;
ВЫЦАРАПАТЬ;false;false;;;;;;<пер.разг.> са гужалди къачун;
МАДАМ;false;false;;;;;;<ж.нескл.> <уст.> мадам;
МАДЕМУАЗЕЛЬ;false;false;;;;;;<ж.нескл.> <уст.> мадемуазель, ханум (виликди гъуьлуьз тефей рушаз лугьудай);
МАНИТЬ;false;false;;;(вилерин ва я гъилин) ишарадалди эверун;;;;
МАТ;false;false;;;(шахматдин къугъуна шагь къачудай, чарасуз тир ва вичелди къугъун куьтягь жедай гьал);;;;
МАХАТЬ;false;false;;;(гъил);;;;
МАШИННО-ТРАКТОРНЫЙ;false;false;;: {машинно-тракторная станция }(МТС) машинринни тракторрин станция;;;;;
МАЭСТРО;false;false;;;;;;<м.нескл.> маэстро, устад;
МЕНЬШИЙ;false;false;;;(мадни, масадалай) тIимил|(мадни, масадалай) гъвечIи;;;;
МЕРГЕЛЬ;false;false;;;;;;<м.мн.нет> <геол.> мергель (чепедикайни киреждин къванцикай ибарат тир, кIане ацукьай дагълух жинс, къван хьтинди);
МЕСТКОМ;false;false;;;({местный комитет}) местком (профсоюздин чкадин комитет);;;;
МЕСТО;false;false;;;(кутIунай) затI, тай (гъиле кьадай, багаждиз гудай).;;;;
МЕТАФОРА;false;false;;;;;;<лит.> метафора (вичин асул манада ваъ, маса манада, тешпигь патал ишлемишнавай гаф ва я гафар, мес. сикI - амалдар инсандиз;
МЕТОНИМИЯ;false;false;;;;;;<лит.> метонимия (са затIунин тIварцIин чкадал адахъ галаз алакъалу яз ишлемишнавай маса затIунин тIвар, мес. пулунин гьунар лугьудай чкадал жибиндин гьунар лугьун);
МЕТР;false;false;;;;;;<лит.> метр, уьлчме (шиирдин);
МЕТРАНПАЖ;false;false;;;;;;<типог.> метранпаж (типографияда набор авур материал герек тирвал ктабдин ва я газетдин ччинрин шикилда дуьзмишдай рабочий);
МЕТРИКА;false;false;;;;;;<мн.нет.лит.> метрика;
МИТКАЛЬ;false;false;;;;;;<м.мн.нет> миткьал (лап ужуз сая чит);
МОЛОТЬ;false;false;;;;;;<пер.разг.> лагълагь авун, пичIи гафар рахун, буш рахун;
МОРГНУТЬ;false;false;;;(вили) лупI авун;;;;
МОТИВ;false;false;;;;;;<лит.> тема (искусстводин произведениеда);
МОЩИ;false;false;;;;;;<ед.нет.рел.> куьгьне мейитдин кIарабар, сура авай мейит.;
МРАМОРНЫЙ;false;false;;;(мармар хьтин) лапу, цIалцIам;;;;
МУНДШТУК;false;false;;;(зуьрнедин ва я маса музыкадин алатдин) писпи, сивел эцигдай кьил;;;;
ОБВАРИТЬ;false;false;;;(ргар яд илична, илич хьана) ккун;;;;
ОБВЕЯТЬ;false;false;;;(юг) вигьин;;;;
ОБВОРОВАТЬ;false;false;;;(садан мал, шей) чуьнуьхун;;;;
ОБЕГАТЬ;false;false;;;(виринра) къекъуьи, (виринриз) чукурун;;;;
ОБКОМ;false;false;;;({областной комитет}) обком;;;;
ОБЛАДАТЕЛЬ;false;false;;;(са затI) авай кас;;;;
ОБЛЕПИТЬ;false;false;;;(михьиз) виринрал, алкIурун, кьун;;;;
ОБЛИЧИТЕЛЬНЫЙ;false;false;;;(айибар, пис крар) дуьздал акъуддай;;;;
ОБМУНДИРОВАТЬ;false;false;;;(формадин) парталар гун, обмундирование гун;;;;
ОБОГНУТЬ;false;false;;;(санлай) элкъвена фин;;;;
ОБОЖАТЕЛЬ;false;false;;;(садал) рикI алайди, (сад) гзаф кIандайди;;;;
ОБОЗНАТЬСЯ;false;false;;;(са кас, са затI) ягъалмиш хьана масадай кьун, акадрун;;;;
ОБОЛОЧКА;false;false;;;(са затIунин) винел патан къат;;;;
ОБРАЗ;false;false;;;;;;<иск.> образ;
ОБРАМЛЯТЬ;false;false;;;(рамкада ттур хьиз) элкъуьрна кьун (нехишривди ва масабрувди);;;;
ОБРЕЗАТЬСЯ;false;false;;;(жуван са чка) атIун;;;;
ОБРИСОВАТЬ;false;false;;;(са кардин) шикил къалурун;;;;
ОБСТАВИТЬСЯ;false;false;;;(жуван кIвал) мебелдивди дуьзмишун;;;;
ОБСТОЯТЬ;false;false;;;(са гьалда) хьунухь;;;;
ОБХОДИТЬСЯ;false;false;;;(са къиметдихъ) акъвазун;;;;
ОБЪЕЗДИТЬ;false;false;;;(балкIан акьахиз, кутIуниз) вердишрун|(виринра, гзаф чкайра) къекъуьн, фин;;;;
ОБЫВАТЕЛЬ;false;false;;;;;;<уст.> са чкадин эгьли, са чкада гьамиша яшамиш жезвайди;
ОВСЯНКА;false;false;;;(нуькIверин са жуьре);;;;
ОВЧИНА;false;false;;;(тIушунай) хъицикь;;;;
ОГЛЯДЕТЬСЯ;false;false;;;(элкъвена къваларив гвай гьаларив) вердиш хьун;;;;
ОДЕВАТЬСЯ;false;false;;;(жувал, вичел) алукIун;;;;
ОДНОВРЕМЕННЫЙ;false;false;;;(са масадахъ галаз) са вахтунда жезвай (хьайи);;;;
ОЙ! ОЙ-ОЙ-ОЙ!;true;false;;;;;;;
ОКИСЬ;false;false;;;;;;<ж.хим.> окись (са химический элемент кислороддик акахьуналди жедай затI, мес. {окись меди} цурцун окись, яни цурцун къапуниз акъатдай пехир);
ОКУПИТЬСЯ;false;false;;;(авур харжи) агакь хъувун|(чIугур зегьметдин) эвез агакь хъувун;;;;
ОЛИЦЕТВОРИТЬ;false;false;;;(са кар, са ччан алачир затI) ччан алай затIунин шикилда къалурун. инсандин шикилда аваз къалурун, ччан алайди хьиз къалурун;;;;
ОПЕРИРОВАТЬ;false;false;;;;;;<мед.> операция авун (азарлудан са чка, хер атIун, къазунун);
ОПРОВЕРЖЕНИЕ;false;false;;;(са кар, хабар, фикир) инкар ийизвай малумат (ва я макъала);;;;
ОПРЫСКИВАТЕЛЬ;false;false;;;;;;<м.с.-х.> опрыскиватель (зиян гудай гьашаратар терг авун патал ттарариз ва маса набататриз дарман квай цин чиг ядай, хъчедай алат, машин);
ОРГАН;false;false;;мес. «Правда» газет ВКП(б)-дин ЦК-дин орган я;;;;;
ОРГБЮРО;false;false;;;({организационное бюро)} оргбюро (тешкилунин бюро, яни са цIийи обществодин, тешкилатдин гьамишалиг идара хкядалди адан крар кьиле тухун, и идара хкягъуниз гьазурвал акун патал тайинардай ксар);;;;
ОСВОБОДИТЕЛЬ;false;false;;;(вичи масад) азад авур кас, азад авурди (азад ийидайди);;;;
ОСВОБОЖДЕНИЕ;false;false;;;;;;<см.> {освободиться} и {освободить};
ОСЕДЛАТЬ;false;false;;;;;;<пер.воен.> кьун, атIун (дяведа душман къведай рекьин кьве патайни ягъиз адан рехъ, вилик пад атIун);
ОСОБЬ;false;false;;;;;;<ж.биол.> индивид (тек затI, кьилдин са организм, кас, ччан алай затI);
ОСТЬ;false;false;;;;;;<бот.> риге, кьилчих (мес. мухан).;
ОСЫПЬ;false;false;;;;;;<ж.геол.> кIвахьайбур (кIвахьна, авахьна кIватI хьайи накьвар, чирх, къванер ва масабур);
ОТБИТЬСЯ;false;false;;;(дяведалди, яна) кьулухъди чукурна жувалай алудун, яна алудун, яна кьулухъди чукур хъувун (гьужум, душман);;;;
ОТБЛЕСК;false;false;;;(са затIунал) аватзавай экв, нур;;;;
ОТВАРИТЬСЯ;false;false;;;(цIун гужуник) цIрана алатун, цIрана галатун (мес. ракьун затIунин пай);;;;
ОТДАЛЯТЬСЯ;false;false;;;;;;<несов.см.> 1) {отдалиться};
ОТЛЕТЕТЬ;false;false;;;(лув гана) фин|(лув гана) хъфин, куьч хьун (масанриз фидай къушар);;;;
ОТПЕРЕТЬСЯ;false;false;;;;;;<пер.разг.> хиве такьун, хиве кьун тахвун, гьаш авун;
ОТПУСТИТЬ;false;false;;;(ва я хъфиз) ихтияр гун;;;;
ОТРЕКОМЕНДОВАТЬ;false;false;;;(вуж ва гьихьтинди ятIа лагьана къалурун (са кас);;;;
ОТТИСК;false;false;;;;;;<типог.> оттиск;
ОТТИСНУТЬ;false;false;;;;;;<типог.> оттиск акъудун;
ОХВОСТЬЕ;false;false;;;(кукIварай душманрикай амукьай) ттумар-кьилер, амукьаяр;;;<с.-х.> кьаматIар, хкатай кьилер, ричIинар (сифте юг вигьейла хкатна амукьай);
ОХЛАДИТЬ;false;false;;;(рикIе са гьисс, ашкъи ва мсб;;;;
ОЧЕРК;false;false;;;;;;<лит.> са затIунин, са кардин шикил, къалурзавай, гьикаядив мукьва тир жуьреда гуьзелдиз кхьенвай макъала хьтинди.;
РАБКОР;false;false;;;({рабочий корреспондент}) рабкор (газетдиз хабарар кхьидай рабочий);;;;
РАБФАК;false;false;;;({рабочий факультет}) рабфак (школадин са жуьре, исятда амач);;;;
РАВЕЛИН;false;false;;;;;;<воен.уст.> равелин (къеледин вилик патай гьадахъ гилигнавай дарамат, кIвал, пай);
РАВНЕНИЕ;false;false;;;;;;<воен.> дуьз хьухь;
РАГУ;false;false;;;;;;<ср.нескл.> рагу (куьлуьз куьткуьнай якIун ва я балугьдин къавурма хьтин хуьрек);
РАЗБИРАТЕЛЬСТВО;false;false;;;;;;<мн.нет.юр.> кардиз килигун;
РАЗБОЛТАТЬСЯ;false;false;;;;;;<пер.разг.> гьакI кIвалах тийиз гьатна чIур хьун;
РАЗБОРКА;false;false;;;;;;;чукIурна къахчун (мес. кIвал, мал{
РАЗБРОСАТЬ;false;false;;;(гьарнихъ) гадрун;;;;
РАЗВАЛИНА;false;false;;;;;;<пер.разг.> тIакь атIанвай (цIвегь кумачир) кас, гьал амачир кас, лап гьалдай фенвай кас (кьуьзуь хьана ва я азарлувилик);
РАЗВИНТИТЬ;false;false;;;;;;<пер.разг.> бушрун, чIурун (рикI, инсан, нервияр);
РАЗВИНТИТЬСЯ;false;false;;;;;;<пер.разг.> буш хьун (мес. нервияр), галатна чIур хьун (мес. вичивай вич хуьз тежез, фад хъел къвез);
РАЗВИТЬ;false;false;;;;;;;гужлу авун{
РАЗВОЛНОВАТЬ;false;false;;;;;;<пер.разг.> кIевиз (аке) къалабулух кутун, еке теспачавал кутун, рикIик секинсузвал кутун;
РАЗВЯЗКА;false;false;;;;;;<лит.> развязка, эхир (литературадин произведениеда кар куьтягь жезвай эхир кьил);
РАЗГОРАЖИВАТЬСЯ;false;false;;;;;;<несов.см.> 1) {разгородиться};
РАЗГРУЖАТЬ;false;false;;;;;;<несов.см.> {разгрузить};
РАЗГРУЖАТЬСЯ;false;false;;;;;;<несов.см.> 1) {рзагрузиться};
РАЗДАВАТЬ;false;false;;;;;;<несов.см> {раздать};
РАЗДАВИТЬ;false;false;;;(балкIандин кIвачерик, машиндик) кутуна кьин;;;;
РАЗДЕЛАТЬ;false;false;;;;;;<пер.разг.> вижеваз галукьрун, дяве авун;
РАЗДЕЛЫВАТЬ;false;false;;;;;;<несов.см.> {разделать};
РАЗДОЛЬЕ;false;false;;;;;;<пер.разг.> гъил-кIвач ахъаз азадвал, жув-жуван ихтиярда хьун, кеф;
РАЗЖАЛОВАТЬ;false;false;;;(къуллугъдай ва я чиндай) агъуз вигьин, агъуз авун;;;;
РАЗЛАМЫВАТЬ;false;false;;;;;;<несов.см.> {разломать} и {разломить};
РАЗМАЗАТЬ;false;false;;;;;;<пер.разг.> нубатсуз (герексуз) яргъи  авун (мес. эхтилат);
РАЗМАЗНЯ;false;false;;;;;;<ж.пер.> гъуьргъуь еб хьтин инсан, буш кас;
РАЗМАЗЫВАТЬ;false;false;;;;;;<несов.см.> {размазать};
РАЗМАЛЕВЫВАТЬ;false;false;;;;;;<несов.см.> {размалевать};
РАЗМАХНУТЬСЯ;false;false;;;;;;<пер.разг.> гзаф гъил ахъаюн, гагьеншрун (яшамиш хьунин, са кардин къене);
РАЗМНОЖАТЬ;false;false;;;;;;<несов.см.> {размножить};
РАЗНО;false;false;;;;;;<нареч.> жуьреба-жуьре;
РАЗНУЗДЫВАТЬСЯ;false;false;;;;;;<несов.см.> 1) {разнуздаться};
РАЗОБЛАЧАТЬ;false;false;;;;;;<несов.см.> {разоблачить};
РАЗОГНАТЬ;false;false;;;;;;<типог.> чка гзаф кьадайвал авун;
РАЗОЧАРОВЫВАТЬСЯ;false;false;;;;;;<несов.см.> 1) {разочароваться};
РАЗРИСОВАТЬ;false;false;;;;;;<пер.разг.> бегьем шикил къалурун (лугьун);
РАЗРЯДКА;false;false;;;;;;<типог.> разрядка (гьарфар чеб-чпивай тIимил къакъудна ара гваз кIватIун);
РАЗУКРУПНЯТЬСЯ;false;false;;;;;;<несов.см.> 1) {разукрупниться};
РАЙКОМ;false;false;;;({районный. комитет}) райком (райондин комитет);;;;
РАЙСОВЕТ;false;false;;;({районный совет}) райсовет (райондин совет);;;;
РАК;false;false;;;;;;<мн.нет.мед.> рак (бедендин винел пата ва я къене, мес. руфуна, акъатдай гьарнихъ хилер чукIурдай гзаф пис ккар, дакIуна хьайи хер);
РАМКА;false;false;;;;;;<мн.пер.> сергьятар;
РАНТЬЕ;false;false;;;;;;<м.нескл.> рантье (капиталист уьлквейра зегьмет чIугван тийиз файдада гайи пулунилай къачудай процентрал ва я мулкунилай къведай дахуддал яшамиш жезвай кас);
РАСКАИВАТЬСЯ;false;false;;;;;;<несов.см.> {раскаяться};
РАСКОПКА;false;false;;;;;;<мн.нет.м.> {раскопать}:;
РАСКРЕПОЩАТЬСЯ;false;false;;;;;;<несов.см.> 1) {раскрепоститься};
РАСПАКОВЫВАТЬСЯ;false;false;;;;;;<несов.см.> 1) {распаковаться};
РАСПИСЫВАТЬ;false;false;;;;;;<несов.см.> {расписать};
РАСПИХИВАТЬ;false;false;;;;;;<несов.см.> {распихать};
РАСПЛАТА;false;false;;;;;;<см.> {расплатиться};
РАСПОРЯЖАТЬСЯ;false;false;;;;;;<см.> {распорядиться};
РАСПРЕДЕЛЯТЬСЯ;false;false;;;;;;<несов.см.> 1) {распределиться};
РАССКАЗ;false;false;;;;;;<лит.> гьикая, рассказ;
РАССЫПАТЬ;false;false;;;(жергеда сад-садавай къакъудна) араяр аваз акъвазрун;;;;
РАСТАЩИТЬ;false;false;;;(гьарнихъ) къакъудун, ччара авун;;;;
РАСТЛЕВАТЬ;false;false;;;;;;<несов.см> {растлить};
РАСТРЕСКИВАТЬСЯ;false;false;;;;;;<несов.см> {растрескаться};
РАФИНИРОВАТЬ;false;false;;;;;;<тех.> рафинироватун, михьивун (техникадин са продукт, мес. нафт, маса затIарикай михьивун);
РЕАБИЛИТИРОВАТЬ;false;false;;;(судди) туьгьметдикай хкудун, михьи яз гьисабун;;;;
РЕВЕТЬ;false;false;;;(гару, вацIу);;;;
РЕВКОМ;false;false;;;({революционный комитет}) ревком (Октябрдин революциядиз гьазур жедайла дяведин революционный комитет ва гуьгъуьнлай совет власть хьайила граждан дяведин чIавуз совет властдин орган тир революционный комитет);;;;
РЕВТРИБУНАЛ;false;false;;;({революционный трибунал}) ревтрибунал (революциядин трибунал);;;;
РЕГИСТРИРОВАТЬСЯ;false;false;;ЗАГС-да жув (чеб) регистрация авун;;;;;
РЕДКОЛЛЕГИЯ;false;false;;;({редакционная коллегия}) редколлегия (редакциядин коллегия);;;;
РЕДУТ;false;false;;;;;;<воен.ист.> редут (дяведин майданда дерин сенгердин са жуьре);
РЕЗОНАНС;false;false;;;;;;<физ.> резонанс (кIвалин къене манидин, рахунрин ва я маса ван ийидай затIунин ван цлара ва къавара акьуна хкаж хьунин, гужлу хьунин, элкъуьн хъувунин бажарагъвал;
РЕМОНТЁР;false;false;;;;;;<воен.уст.> ремонтёр (кьушундиз кими тир балкIанар маса къачудай дяведин къуллугъэгьли);
РЕПЕТИРОВАТЬ;false;false;;;;;;<театр.> репетиция авун;
РЕПЛИКА;false;false;;;;;;<театр.> актёрдин рахунрин эхиримжи гаф, сегьнеда актёрдин жавабдин гаф;
РЖА;false;false;;;;;;<мн.нет.уст.обл.> см. {ржавчина};
РОДИНА;false;false;;;;;{наша родина-СССР }чи ватан СССР я;;
РОДИТЕЛЬ;false;false;;;;;;<уст.м> буба;
РОЖА;false;false;;;;;;<мн.нет.мед.> рожа (мубарак, ччинин са чка яру хьана дакIвадай азар);
РОЗГИ;false;false;;;;;;<мн.уст.> тIвалар вигьин, гатун, тIваларалди гатун;
РОК;false;false;;;;;;<мн.нет.ист.> кьаза-кьадар;
РОЛИКИ;false;false;;;;;;<ед.нет.спорт.> роликар (бицIи чархарал алай конькияр);
РОМАН;false;false;;;;;;<лит.> роман (литературадин гуьзелдиз туькIуьрнавай, гзаф инсанар ва вакъиаяр квай яргъи  кьиса);
РОМАНТИЧЕСКИЙ;false;false;;;;;;<лит.> романдиз талукь тир;
РОНДО;false;false;;;;;;<нескл.муз.> рондо (музыкадин кьетIен жуьредин пьеса, гьава);
РОССКАЗНИ;false;false;;;;;;<ед.нет.разг.> вичи-вичиз туькIуьрай эхтилатар, кьуру махар, тапарар;
РОССЫПЬ;false;false;;;;;;<ж.геол.> мяден, мядендин къатар (мес. къизил ва маса металлар квай чка);
РОТ;false;false;;;;;;<пер.разг.> кьил, кас, недай кас;
РУГНУТЬ;false;false;;;;;;<однокр.разг.> экъуьгъун, себ гун;
РЫСЬ;false;false;;;;;;<ж.зоол.> машах (чIуран кацин жинсиникай са гьайван);
РЫХЛЫЙ;false;false;;;;;;<пер.разг.> буш;
РЯВКНУТЬ;false;false;;;;;;<однокр.разг.> кIевиз гьараюн;
ТАВРИТЬ;false;false;;;;;;<несов.спец.> дамгъа эцигун, дамгъа ягъун;
ТАКИ;false;false;;;;;;<частица.разг.> ятIани;
ТАК КАК;true;false;;;;;;;
ТАКСИ;false;false;;;;;;<нескл.ср> такси (фейи рекьин кьадардиз килигай къимет къачуз инсанар ва я ппар тухудай автомобиль я);
ТАК-ТАКИ;false;false;;;;;;<частица.разг.> гьакI;
ТАРЕЛКА;false;false;;;(хуьрекдин) бушкъаб, тарелка.;;;;
Т.Е.;true;true;;;;;;;
ТЕРМОДИНАМИКА;false;false;;;;;;<мн.нет.физ.> термодинамика (чимивал ахтармишдай ва ам энергиядин маса жуьрейриз элкъуьрунин месэлайрикай рахадай илим);
ТЕРНИИ;false;false;;;;;;<уст.> цацар;
ТЕРРОРИЗОВАТЬ;false;false;;;;;;<полит.> террордалди кичIерар гун, террордалди жаздандал гъун;
ТЕХМИНИМУМ;false;false;;;({технический минимум)} техминимум (са кардин техникадикай лап чарасуз хьана кIандай чирвилерин кьадар);;;;
ТЕХНОРУК;false;false;;;({технический руководитель}) технорук (техникадин жигьетдай рехъ къалурдай, регьбервалдай кас);;;;
ТЕХПЕРСОНАЛ;false;false;;;({технический персонал}). техперсонал, технический къуллугъчияр (кардин техникадин жигьетдиз килигдай къуллугъчияр);;;;
ТИП;false;false;;;;;;<лит.> вичик инсанрин са малум группадиз хас тир лишанар, къилихар умумиламишна квай шикил, суьрет, кас.;
ТИПИЗАЦИЯ;false;false;;;;;;<мн.нет> типламишун, типриз ччара авун;
ТИПУН;false;false;;;;;;<мн.нет.спец.> къушарин мацин кIвенкIвел экъечIдай чIаха-чIахдин ккар (азар).;
ТИРАЖ;false;false;;;;;;<типог.> са затIунин, са ктабдин басмадай акъудзавай кьадар;
ТИСКАТЬ;false;false;;;;;;<типог.> басма авун, илисна чарчиз акъудун (басма ийиз дуьзмишнавай гьарфар);
ТИСНУТЬ;false;false;;;;;;<типог.> <см.> {тискать} 2-манада;
ТИТАН;false;false;;;;;;<мн.нет.хим.> титан (гимиш хьтин лацу металл);
ТКНУТЬ;false;false;;;(тIуб) туькIуьрун, (тIуб) туькIуьрна къалурун;;;;
ТЛЕН;false;false;;;;;;<мн.нет.уст.> ктIай затI, чуьруьтмиш хьайи затI;
ТО;false;false;;;;;;<мест.> см. {тот};
ТОВАРНОСТЬ;false;false;;;;;;<мн.нет.эк.> товарлувал (акъудзавай вири продукциядив гекъигайла базардиз акъудай, маса гудай продукциядин кьадар);
ТОВАРООБОРОТ;false;false;;;;;;<мн.нет.эк.> товарооборот, товаррин гун-къачун;
ТОГДА;false;false;;;;;;<союз.> -ла, -чIавуз;
ТО ЕСТЬ;true;false;;;;;;<союз> -яни;
ТОЖЕ;false;false;;;;;;<нареч.> -ни;
ТОЛПА;false;false;;;;;{ТОЛПА} кIеретI, кIватI хьанвай халкь, инсанрин кIеретI, инсанар;;
ТОЛСТОСУМ;false;false;;;;;;<уст.разг.> гзаф пул авайди;
ТОЛЬКО;false;false;;;;;;<союз.> -вал, -ди, -намазди;
ТОРГ;false;false;;;(тулкI);;;;
ТОРГПРЕД;false;false;;;({торговый представитель}) алишверишдин векил (алишверишдин крарин патахъай векил);;;;
ТОРГПРЕДСТВО;false;false;;;({торговое представительство}) алишверишдин крарин векилрин идара;;;;
ТОРМАШКИ;false;false;;;;;{ТОРМАШКИ}: {вверх тормашками} <разг.> 1) кьилинпацар (хьун); кьилихъди кIеми-кIемер жедайвал (авахьун, вигьин); 2). кIан пад цавал, къариш-къуруш (хьун), кьил-тIум акахьун;;
ТРАВЕРС;false;false;;;;;;<тех.> вацIун яд масанихъ элкъуьрун патал къерехдивай юкьвахъди тухванвай банд.;
ТРАЕКТОРИЯ;false;false;;;;;;<мат.физ.> са тело ва я са точка юзазвай, вилик физвай рехъ.;
ТРАКТОВКА;false;false;;;(гузвай баян, кьатIизвай тегьер;;;;
ТРАНСФОРМАТОР;false;false;;;;;;<театр.> пьесадик квай вири ксарин ролар санлай вичи къугъвадай ва гзаф фад-фад вичин шикил дегишардай артист;
ТРАХОМА;false;false;;;;;;<мн.нет.мед.> трахома (вилерин хума, вилерин азар);
ТРЕВОЖИТЬ;false;false;;;(рикIик) къалабулух кутун, секинсузвал  кутун, рикI секинсуз авун;;;;
ТРЕНИЕ;false;false;;;;;;<пер.мн.> чуьруькар, сад-садав такьунар, гьуьжетар, акьунар;
ТРЕСТ;false;false;;СССР-да чпи акъудзавай продукциядиз ва я ишлемишзавай хам-малдиз килигна сад хьанвай карханайрин сад тир идара, садвал.;;;;;
ТРИКО;false;false;;;;;;<театр.спорт.> храй трикотаждин партал, мес перемни вахчег;
ТРОП;false;false;;;;;;<лит.> троп (вичин асул манадилай маса манада ишлемишнавай гаф ва я предложение);
ТРОПИКИ;false;false;;;;;;<ед.нет.геогр.> тропикар (тропикрин арада авай чими уьлквеяр);
ТРУДОДЕНЬ;false;false;;;({трудовой день)} зегьметдин югъ;;;;
ТРУНИТЬ;false;false;;;(садакай) зарафат авун;;;;
ТРУЩОБА;false;false;;;(шегьер, хуьр);;;;
ТУБДИСПАНСЕР;false;false;;;({туберкулёзный диспансер}) тубдиспансер (туберкулёз азар квайбруз килигдай диспансер);;;;
ТУМАННО;false;false;;;;;;<нареч.пер.> кьил акъат тийирвал, ачух тушиз, къаб алаз;
ТУРУСЫ;false;false;;;;;;<ед.нет.разг.> буш рахунар, буш гаф гунар;
ТУФ;false;false;;;;;;<мн.нет.геол.> туф (вулканди арадал гъайи ва я кIане ацукьуникди хьайи къван;
ТУЧНЫЙ;false;false;;;(къалин векь авай (мес. яйлах);;;;
ТУША;false;false;;;;;;<пер.разг.> зурба жендек (инсан);
ТУШЕВАТЬ;false;false;;;(суьретдин бязи чкаяр) тушдалди мичIи авун, мичIи ранг яна мичIи авун;;;;
ТЮЛЬПАН;false;false;;;;;;<бот.> тюльпан (гуьрчег цуьквер жедай са набатат);
ФАБЗАВКОМ;false;false;;;({фабрично-заводской комитет}) фабзавком (фабрикдин-заводдин профсоюздин комитет);;;;
ФАБЗАВУЧ;false;false;;;({фабрично-заводское ученичество}) фабзавуч (фабрикдин-заводдин патав жегьил пешекар рабочияр гьазурдай школа);;;;
ФАБКОМ;false;false;;;({фабричный комитет}) фабком (фабрикда профсоюздин комитет);;;;
ФАРС;false;false;;;;;;<театр.> фарс (кьезил комедия);
ФЕДЕРАЦИЯ;false;false;;са тайин кьадарда чпин кьилдивал хуьзвай пачагьлугърин садхьанвай пачагьлугъ, мес. РСФСР федерация я.;;;;;
ФЕС, ФЕСКА;true;true;;;;;;;
ФИГА;false;false;;;;;;<пер.разг.> фига (кьве тупIун арадай кIанчIал тупIун кьил зкъисайла жедай шикил);
ФИГЛЯР;false;false;;;;;;<пер.разг.> делхек, уюнбаз, сарсах;
ФИГУРА;false;false;;;;;;<лит.> фигура (рахунин, чIалан эсерлувал гужлу авун патал гафар туькIуьрунин тегьер, образлу гаф);
ФИЛИАЛ;false;false;;филиал (са чIехи идарадин ва я тешкилатдин отделение, са хел, мес. СССР-дин Илимрии Академиядин филиал);;;;;
ФИЛЬТРОВАТЬ;false;false;;;;;;<пер.разг.> сафунай ягъун, ахтармишун, хкягъун;
ФИНИНСПЕКТОР;false;false;;;({финансовый инспектор}) фининспектор;;;;
ФИСКАЛ;false;false;;;;;;<пер.разг.> данусчи;
ФЛОТ;false;false;;;;;{военно-морской флот СССР} СССР-дин гьуьлерин-дяведин флот (яни гьуьлерин дяведин вири гимияр);;
ФОНАРЬ;false;false;;;;;;<пер.разг.> яна вили авур чка;
ФОТОАППАРАТ;false;false;;;({фотографический аппарат}) фотоаппарат;;;;
ФОТОСНИМОК;false;false;;;({фотографический снимок}) фотографиядалди акъудай суьрет;;;;
ФРУКТ;false;false;;;;;;<пер.разг.> жинс, тип, кас (саймиш тийирла, алчах кьадайла лугьуда);
ЦАРИТЬ;false;false;;;;;;<уст.> пачагьвал авун;
ЦЕЗУРА;false;false;;;;;;<лит.> цезура (шиирдин цIацIе ритмдин жизви акъвазун, жизви акъваздай чка);
ЦЕПОЧКА;false;false;;;(мес. аскеррин);;;;
ЦЕРЕМОНИЯ;false;false;;;;;;<пер.разг.> ягънагъар;
ЦИАН;false;false;;;;;;<мн.нет.хим.> циан (рангсуз зегьерлу газ);
ЦИТАДЕЛЬ;false;false;;;;;;<воен.> цитадель (шегьердин къене къеледин имарат);
ЦИТРУСОВЫЕ;false;false;;;;;;<мн.бот.> цитрусдин ттарар (лимондин, партахалдин ва гьахьтин маса мейвайрин);
ШАБАШ;false;false;;;;;;<сказ.разг.> бес я, куьтягь, куьтягь хьана, бес хьана;
ШАБАШИТЬ;false;false;;;;;;<несов.обл.> куьтягьун, кIвалах куьтягьун (вичин вахт хьана);
ШАМПУНЬ;false;false;;;;;;<м.мн.нет> шампунь (кьил чуьхуьдай хъсан ни галай жими яд хьтин ва я гъуьр хьтин запун);
ШАРОВАТЬ;false;false;;;;;;<несов.с.-х.> накьв пурпу ийиз михьивун (мес. чугъундурар цазвай чкада);
ШЕРШЕНЬ;false;false;;;;;;<м.зоол.> хуз (кIасдай пис хузарин, чIуру чIижерин са жинс);
ШИМПАНЗЕ;false;false;;;;;;<м.нескл.> шимпанзе (инсандиз ухшар маймун);
ШИШКА;false;false;;;;;;<бот.разг.> кицик ттар;
ШМЫГ;false;false;;;;;;<сказ.разг.> фуртна тадиз фин (гьахьун, катун ва мсб);
ШПИЛЬКА;false;false;;;;;;<пер.разг.> рикI тIардай туькьуьл гаф;
ШТАНЫ;false;false;;;;;;<ед.нет.разг.> шалвар;
ЭКИВОКИ;false;false;;;;;;<мн.разг.> къаб алай гафар, кьуьруькар, къекъуьрунар;
ЭЛЕГИЧЕСКИЙ;false;false;;;;;;<лит.> элегиядин;
ЭНЕРГИЯ;false;false;;;;;;<физ.> энергия, къуват;
ЭПИЗОД;false;false;;;;;;<лит.> эпизод (художественный производениедин вичихъ са кьадар кьилдивал авай, са кьадар акьалтIай метлеб квай са вакъиадикай рахазвай пай);
ЭПИТЕТ;false;false;;;;;;<лит.> шикиллувал, таъсирлувал гужлу хьун патал са затIунин тIварцIихъ гилигдай определение, сифет.;
ЭПОПЕЯ;false;false;;;;;;<лит.> историядин гзаф зурба вакъиайрикай эхтилат ийизвай литературадин произведение.;
ЭСМИНЕЦ;false;false;;;({эскадренный миноносец}) эсминец (эскадрадин миноносец, дяведии пароходдин са жуьре);;;;
ЭТОТ;false;false;;;( <ж> , <ср.> <мн.> ) и, им;;;;
ЯВЛЕНИЕ;false;false;;;;;;<театр.> атун (пьесада къугъвазвай ксарин состав дегиш тахьана сегьнедиз атун, актунин гьакI атана къугъвазвай пай, перде);
ЯГЕЛЬ;false;false;;;;;;<м.мн.нет> <бот.> ягель, миргин хьирхьам векьер (хьирхьамар хьтин векь, хъчар);
ЯМА;false;false;;;;;;<пер.уст.> зиндан, дустагъ, дустагъхана;
ЯМБ;false;false;;;;;;<лит.> ямб (шиирда ударение кьведлагьай слогдал алай кьве слогдикай ибарат тир стопа);
ЯМКА, ЯМОЧКА;true;true;;;;;;;
ЯРУС;false;false;;;;;;<театр.> ярус (мертеба, гьава);
ЯСНОВИДЕНИЕ;false;false;;;;;;<мн.нет.уст.> къвезмай (жезмай) кар акун, къвезмай кар чир хьун, аян хьун;
ЯСТВА;false;false;;;;;;<мн.уст.> недай няметар, недай затIар;
ЯЧМЕНЬ;false;false;;;;;;<м.мн.нет> <бот.> мух;
ДА;false;false;;;;;{да здравствует дружба народов СССР}! яшамишрай СССР-дин халкьарин дуствал!;;
ДАБЫ;false;false;;;;;;<союз.уст.> патал, патахъай;
ДАВАТЬ ;true;false;;;;;;;
ДАЛЕКО, ДАЛЁКО;true;true;;;;;;;
ДАМОКЛОВ МЕЧ;true;false;;;;;;;
ДВОРНЯ;false;false;;;;;;<мн.нет.ист.> кIвалин къуллугъчияр (помещикдин);
ДВОРНЯГА, ДВОРНЯЖКА;true;true;;;;;;;
ДЕ;false;false;;;;;;<частица.разг.> см. {дескать};
ДЁГОТЬ;false;false;;;;;;<м.мн.нет> дёготь (кIарасдикай, торфдикай ва я къванци цIивиндикай хкуддай лап экьи мазут хьтин чIулав затI);
ДЕКОЛЬТЕ;false;false;;;;;;<нескл.ср.> декольте (дишегьлийрин парталдин хевяй гардан ва хурун чIехи пай дуьздал жедайвал атIанвай кьацI);
ДЕЛЕЖ, ДЕЛЕЖКА;true;true;;;;;;;
ДЕЛИТЕЛЬ;false;false;;;;;;<м.мат.> вичел масад пайизвай число;
ДЕМОНИЧЕСКИЙ;false;false;;;(кьадарсуз кIеви къилих авай) пис фендигар;;;;
ДЕНЕЖКА;false;false;;;;;;<мн.разг.> пул;
ДЕРЕВЦЕ, ДЕРЕВЦО;true;true;;;;;;;
ДЕРМАТОЛОГИЯ;false;false;;;;;;<мн.нет.мед.> дерматология (медицинада хамунин азарар чирдай са хел);
ДЕТАЛИЗИРОВАТЬ, ДЕТАЛИЗОВАТЬ;true;true;;;;;;;
ДЕТВОРА;false;false;;;;;;<ед.нет.разг.> аялар;
ДЕТДОМ;false;false;;;({детский дом}) детдом (аялар хуьдай ва тербияламишдай кIвал-идара);;;;
ДЗОТ;false;false;;;({дерево-земляная огневая точка}) дзот (дяве ийизвай чкада гъварарикай ва накьвадикай расай, пулемётар ва маса яракьар гваз акъвазна ядай кIеви сенгер хьтин чка);;;;
ДИАЛЕКТИЧЕСКИЙ;false;false;;;;;;<филол.> диалектикадин;
ДИКОВИНА, ДИКОВИНКА;true;true;;;;;;;
ДИРЕКТОРИЯ;false;false;;;;;;<мн.нет.ист.> директория (тарихдин алатай жуьреба-жуьре вахтара бязи чкайра буржуазиядин гьукуматрин тIвар, директоррин коллегия);
ДИЧОК;false;false;;;(къелем тагай) чIуру таз;;;;
ДИЭТА;false;false;;;;;;<мн.нет.мед.> диэта, пегьриз (азарлудаз тайин авунвай тIуьнин режим);
ДОБИТЬСЯ;false;false;;;(алахъна) apaдиз гъун, арадал акъудун, агакьун (агакьрун)|(са кар ийиз) тун;;;;
ДОКОЛЕ, ДОКОЛЬ;true;true;;;;;;;
ДОКОПАТЬ;false;false;;;(флан чкадал кьван) эгъуьнун, ппер ягъун;;;;
ДОЛБИТЬ;false;false;;;;;;<пер.разг.> эзберун, гьамиша гьа са гафар тикрарун;
ДОНАШИВАТЬ;false;false;;;;;;<несов.см.> { доносить};
ДОРАБОТАТЬ;false;false;;;(са затIунин винел) кIвалах хъувуна бегьемрун;;;;
ДОСТОЙНЫЙ;false;false;;ДОСТОЙНЫЙ лайихлу, лайих авай, квай;;;;;
ДОХЛЫЙ;false;false;;;;;;<пер.разг.> гиликьай хьтин, кьиян (зайиф инсан);
ДРАЖЕ;false;false;;;;;;<ср.нескл.> драже (къене жимиди авай куьлуь къенфетрин са жуьре);
ДРАМАТИЗМ;false;false;;;;;;<лит.> драматизм, драмадиз хас тир къуват, хкаж хьун.;
ДРЕВНОСТЬ;false;false;;;;;;<мн.нет> къадим замандинди хьунухь;
ДРЕЛЬ;false;false;;;;;;<ж.тех.> дрель, урукул (урукулдин, буравдин са жуьре);
ДРОБИНА, ДРОБИНКА;true;true;;;;;;;
ДРОГНУТЬ1;true;true;;;;;;;
ДРЫГАТЬ;false;false;;;(кIвачер) юзурун;;;;
ДУБОВЫЙ;false;false;;;;;;<пер.разг.> векъи, кубут;
ДУМА;false;false;;;;;;<лит.> Украи-надин халкьдин манийрин поэмадин са жуьре;
ДУМАТЬ;false;false;;;(фикир авун.;;;;
ДУРАНДА;false;false;;;;;;<мн.нет.с.-х.> см. ж. {жмыхи.};
ДУШИТЬСЯ;false;false;;;;;;<несов.см.> { душить};
ДЫМЧАТЫЙ;false;false;;ДЫМЧАТЫЙ гумадин ранг алай, рехивал алай, гьуьм алай хьтин;;;;;
ДЫРА;false;false;;;;;;<пер.разг.> кас акъат тийир баябан усал чка, тIеквен;
ЖАЛКО;false;false;;;;;;<нареч.см.> {жаль};
ЖАЛЮЗИ;false;false;;;;;;<ср.нескл.> пенжердай авадардай кьелечI кьуларин пердеяр;
ЖАНР;false;false;;;;;;<пер.разг.> жуьре, къайда, тегьер;
ЖАРИТЬ;false;false;;;;;;<пер.разг.> гьерекатун, тади авун;
ЖАСМИН;false;false;;;;;;<мн.нет> жасмин (ни галай лацу цуьквер жедай багъдин кул-вал;
ЖАТЬСЯ;false;false;;;;;;<пер.разг.> жуваз (вичиз) дарвал гун, пул чуькьвена кьун;
ЖЕ;false;false;;;;;;<ср.нескл.> («ж» гьарфунин  тIвар);
ЖЕЗЛ;false;false;;;;;;<ж.-д.> ракьун рекье поездрин фин-хтун къайдада ттун патал ишлемишдай автомат алатдин ракьун тIвал;
ЖЕЛЕ;false;false;;;;;;<ср.нескл.> желе;
ЖЕЛТИЗНА;false;false;;;;;;<мн.нет> хъипивал;
ЖЕЛТОРОТЫЙ;false;false;;;;;;<пер.разг.> таза, шек, тежрибасуз, цак аламай (жегьил);
ЖИВЧИК;false;false;;;;;;<биол.см.> {сперматозоид};
ЖИЛПЛОЩАДЬ;false;false;;;({жилая площадь}) яшамиш жедай кIвал, яшамиш хьун патал чка;;;;
ЖИРАФ, ЖИРАФА;true;true;;;;;;;
ЖИРНЫЙ;false;false;;;;;;<типог.> къалин чIулав (басмадин гьарфар);
ЖРЕБИЙ;false;false;;;;;;<пер.уст.> кьисмет, бахт;
ЖРЕЦ;false;false;;;(илимдин, искусстводин) рекье ччан эцигнавай кас, илимдин къуллугъчи;;;;
ЖЮРИ;false;false;;;;;;<ср.нескл.> жюри;
ИГОЛКА, ИГОЛОЧКА;true;true;;;;;;;
ИГРУШКА;false;false;;;(сада вичин) кефиниз кIандайвал къугъурдай кас;;;;
ИДИЛЛИСТИЧЕСКИЙ;false;false;;;;;;<лит.> идиллиядин, идиллиядиз хас тир;
ИДИЛЛИЯ;false;false;;;;;;<лит.> идиллия (тIебиатдин инсанрин -чубанрин, лежберрин, балугьчийрин яшайишдин шикил лап чIагурна къалурдай шиир, произведение);
ИДИОМ, ИДИОМА;true;true;;;;;;;
ИДОЛ;false;false;;;;;;<пер.разг.> кIамаш, кьей хва сефигь, кIанчI.;
ИДТИ;false;false;;;(кьабулиз, са кар ийиз) рази хьун, гьазур хьун|(бязи дуьшуьшра перевод ийидач): {температура идёт на понижение }температура агъуз аватзава, аватиз башламишнава.;;;;
ИЗВЕСТКОВАТЬ;false;false;;;;;;<несов.спец.> кирежламишун, киреж вигьин, киреждалди гужлу авун (накьв);
ИЗВО3;true;true;;;;;;;
ИЗВО3ЧИК;true;true;;;;;;;
И3ЛИШЕСТВОВАТЬ;true;true;;;;;;;
ИЗЛОЖЕНИЕ;false;false;;;;;;<пед.> изложение (школада са кIелай ва я яб акалай шейинин мана хуралай кхьин, кхьена ахъай хъувун;
ИЗМАТЫВАТЬСЯ;false;false;;;;;;<несов.см.> 1) {измотаться};
ИЗНАНКА;false;false;;;;;;<пер.разг.> къен пад, чинебан кIан-пун;
ИЗОЛИРОВАТЬ;false;false;;;;;;<тех.> изолироватун, изоляция авун (электричестводин къуват пуч тахьун ва я масанихъ галукь тавун патал, электрикдин симерин винел резин ва я маса затI акьалжна, кIевна хуьн);
ИМИТАЦИЯ;false;false;;;(са кар са затIуни, са касди) хьиз авун;;;;
ИМПОРТИРОВАТЬ;false;false;;;(ччара уьлквейрай къачуна мал) гъун;;;;
ИНДЮШАЧИЙ, ИНДЮШЕЧИЙ;true;true;;;;;;;
ИНКВИЗИЦИЯ;false;false;;;;;;<ист.> инквизиция (католикрин диндин душманрихъ галаз женг чIугвадай, гзаф пис зулумар ийидай, азабар гудай клисадин суддин-полициядин тешкилат);
ИНОСКАЗАНИЕ;false;false;;;;;;<лит.> аллегория, айгьам квай рахун, къаб алай рахун;
ИНТЕРВЬЮ;false;false;;;;;;<ср.нескл.> интервью (са газетдин ва я журналдин корреспондентди, векилди пачагьлугъдин чIехи къуллугъдал алай касдихъ, политикадин кIвалах тухузвай касдихъ галаз йкъан еке метлеб авай месэлайрикай авур суьгьбет;
ИНТРИГА;false;false;;;;;;<лит.> интрига (романда, драмада вакъиаяр арадал атуниз ва гегьенш хьуниз себеб жезвай асул гьал, кар);
ИСКУПИТЕЛЬНЫЙ;false;false;;;(хатадилай, гунагьдилай) гъил къачуниз куьмекдай, гъил къачуниз себеб жедай;;;;
ИСКУПИТЬ;false;false;;;(хатадилай, гунагьдилай) гъил къачудайвал авун, гъил къачуниз куьмекдай кар авун;;;;
ИСПОЛОСОВАТЬ;false;false;;;(жендек гатана) рувар-рувар авун;;;;
ИСПОЛУ;false;false;;;;;;<ист.с.-х.> зур паюнай, бегьердин зур пай гуз (виликди ччил кирида кьунин къайда);
ИСПОЛЬНИЧАТЬ;false;false;;;;;;<.ист.> зур паюнилай (зур паюнал, бегьердин зур пай гуз) ччарадан ччил цун;
ИСПОЛЬЩИНА;false;false;;;;;;<.ист.> бегьердин зур пай ччилин иесидиз гуз (зур паюнилай) ччарадан ччил цунин къайда;
ЛАВИНА;false;false;;;(дагъдай авахьзавай) живедин маргъал;;;;
ЛАКОМИТЬСЯ;false;false;;;(верцIи затIар) тIуьн, тIуьна лезет къачун;;;;
ЛАКОНИЧЕСКИЙ, ЛАКОНИЧНЫЙ;true;true;;;;;;;
ЛАНЬ;false;false;;;;;;<ж.зоол.> мирг (миргерин са жинс);
ЛАПОТНИК;false;false;;;;;;<пер.уст.> шаламкъалди, япалух (куьгьне вахтунин гаф я);
ЛАТЫ;false;false;;;;;;<ед.нет.ист.> ракьун партал (куьгьне заманда дяведа душмандин яракьдикай хуьн патал алукIдай ракьун ва я маса металлдин партал, кьеркь);
ЛАЧУГА, ЛАЧУЖКА;true;true;;;;;;;
ЛЕГАЛИЗИРОВАТЬ, ЛЕГАЛИЗОВАТЬ;true;true;;;;;;;
ЛЕГАЛИЗИРОВАТЬСЯ, ЛЕГАЛИЗОВАТЬСЯ;true;true;;;;;;;
ЛЕЙКА1;true;true;;;;;;;
ЛЕТО;false;false;;;;;;<мн.см.> {лета};
ЛИ;false;false;;;(са кьадар дуьшуьшра перевод тийир кIус я);;;;
ЛИКБЕЗ;false;false;;;({ликвидация безграмотности});;;;
ЛИНКОР;false;false;;;({линейный корабль}) линкор (чIехи, хъсандиз яракьламишнавай дяведин пароход);;;;
ЛИНОТИП;false;false;;;;;;<типог.> линотип (басма авун патал гьарфар сад садахъ галкIурна цIар хьиз кIватIдай машин);
ЛИТАВРЫ;false;false;;;;;;<мн.муз.> далдам (гьадан са жуьре я);
ЛИТМОНТАЖ;false;false;;;({литературный монтаж}) литмонтаж, литературадин монтаж (литературадин жуьреба-жуьре произведенийрикай сад садав кутугайвал гилигна тукIуьрун, туькIуьрай шей);;;;
ЛИТОЙ;false;false;;;(цIурай металлдикай) кIалубда цана расай, цIурурна цайи;;;;
ЛИЧИНА1;true;true;;;;;;;
ЛОГОВИЩЕ, ЛОГОВО;true;true;;;;;;;
ЛОПАТЬСЯ;false;false;;;;;;<несов.см.> {лопнуть};
ЛОТО;false;false;;;;;;<нескл.> лото (са къугъун я, гьа къугъуниз герек затIар);
ЛОХАНКА, ЛОХАНЬ;true;true;;;;;;;
ЛУЧИНА;false;false;;;(виликди чирагъдин чкадал ишлемишдай) шуькIуь чIидгъеррин кIунчI, чIикь;;;;
ЛЮБИТЕЛЬ;false;false;;;(са затIунал, са кардал) рикI алай кас;;;;
НАБОР;false;false;;;;;;<типог.> набор (басма авун патал сад садав гутуна дуьзмишнавай металлдин гьарфар);
НАБОРНЫЙ;false;false;;;;;;<типог.> набордин;
НАБОРЩИК;false;false;;;;;;<типог.> наборщик (типографияда гьарфар дуьзмишна кIватIдай рабочий);
НАВЕРСТАТЬ;false;false;;;(гъиляй акъатай, бегьемриз тахьана амукьай кар) агакьар хъувун, эвез хъувун, бегьемар хъувун;;;;
НАВОЛОКА, НАВОЛОЧКА;true;true;;;;;;;
НАВРЯД, НАВРЯД ЛИ;true;true;;;;;;;
НАВЫКАТ, НАВЫКАТЕ;true;true;;;;;;;
НАГАЙКА;false;false;;;(куьруь) къирмаж, къамчи;;;;
НАГРУЗИТЬ;false;false;;;;;;<пер.разг.> артухан кIвалах тапшурмишун, вугун, хиве эцигун;
НАДСАДИТЬ;false;false;;;(садаз са) нагьакьан кар авун;;;;
НАЕСТЬСЯ;false;false;;;(тIуьна) тух хьун;;;;
НАЖИВКА;false;false;;;(кIезри, гьайван, ничхир) алдатмишдай затI (рапунал гьалдай шар, ракьарал эцигдай пидин кIус ва мсб);;;;
НАЛОЖИТЬ;false;false;;;(лишан, гел, эсер) авун, эцигун, тун;;;;
НАПРАВИТЬ;false;false;;;;;;<пер.разг.> расун, туькIуьрун;
НАПРАВИТЬСЯ;false;false;;;;;;<пер.разг.> туькIуьн;
НАРКОМ;false;false;;;({народный комиссар}) нарком (халкьдин комиссар);;;;
НАРКОМАТ;false;false;;;({народный комиссариат}) <ист.> наркомат (халкьдин комиссариат);;;;
НАРСУД;false;false;;;({народный суд}) нарсуд, халкьдин суд;;;;
НАСТРЯПАТЬ;false;false;;;;;;<пер.разг.> са бубат туькIуьрун, са кар авун;
НАСЫПЬ;false;false;;;(накьв вигьена расай) накьвадин кьантIар;;;;
НАТЕ;false;false;;;;;;<частица.разг.> ма;
НАТЕРЕТЬ;false;false;;;(гуьцI жез) яна хер акъудун;;;;
НАТР;false;false;;;;;;<мн.нет.см.> {натрий};
НАЦЕЛИТЬСЯ;false;false;;;;;;<пер.разг.> гьазур хьун;
НАЧЕТ;false;false;;;(садан кIвачихъ, винел) гьисабун, ягъун;;;;
НАЧСОСТАВ;false;false;;;({начальствующий состав}) начальникрин состав, начальникар (армияда);;;;
НАШАТЫРЬ;false;false;;;;;;<м.мн.нет> нешетир;
НЕБЕСНЫЙ;false;false;;;;;;<пер.уст.> акьалтIай гуьзел, гуьрчег;
НЕВОСПРИИМЧИВЫЙ;false;false;;;(азар) галукь тийир (мес. галукьдай азарар масабрухъ хьиз фад галукь тийир);;;;
НЕВОСТРЕБОВАННЫЙ;false;false;;;(адресатди) къахчун тавур (мес. почтунин посылка, чар);;;;
НЕДАЛЕКО, НЕДАЛЁКО;true;true;;;;;;;
НЕДОБРОЖЕЛАТЕЛЬНЫЙ;false;false;;;(маса касдин) хийир такIан, хъсанвал такIан, писвал кIандай;;;;
НЕДОМОЛВКА;false;false;;;(рахунрин, гафарин арада лугьун лазим яз) бегьем талгьана амайди, кимиди;;;;
НЕДОРОСЛЬ;false;false;;;;;;<ист.> яш бегьем тахьанвай ва гьеле пачагьлугъдин къуллугъдал акъваз тавунвай жегьил дворянин;
НЕЙТРАЛИЗОВАТЬ;false;false;;;;;;<хим.> нейтрализоватун, нейтралламишун (химический реакция арадал гъун, и реакциядин чIавуз щёлочь акадруналди кислота -турши квадарда ва я турши акадруналди, щёлочь квадарда);
НЕКТАР;false;false;;;;;;<миф.> нектар (грекрин мифологияда-махара абрун аллагьриз рекьин тавун, ажалсузвал гудай яд);
НЕПОСЛЕДОВАТЕЛЬНОСТЬ;false;false;;;(фикиррин) сад садаз зидвал, кьун тавур гьал, галай-галайвал дуьз тахьун;;;;
НЕПОСЛЕДОВАТЕЛЬНЫЙ;false;false;;;(фикиррин къене) сад садав кьан тийизвай, галай-галайвал дуьз тушир;;;;
НЕПРАВИЛЬНОСТЬ;false;false;;;;;;<мн.нет> чIурувал, дуьз туширвал;
НЕПРОНИЦАЕМЫЙ;false;false;;;(яд, экв, сес) ахъай тийир, ракъур тийир;;;;
НЕПРОХОДИМЫЙ;false;false;;;;;;<пер.разг.> акьалтIай (мес. сефигьвал);
НЕРАВЕНСТВО;false;false;;;;;;<мн.нет.ист.> барабарсузвал;
НЕРАВНОМЕРНЫЙ;false;false;;;(вирина) сад хьтин тушир;;;;
НЕСООБРАЗНЫЙ;false;false;;;(акьулдив) дуьз текъвезвай, кьун тавур;;;;
НЕСТИ;false;false;;;(буш манасуз гафар) рахун,;;;;
НЕТОПЫРЬ;false;false;;;;;;<м.зоол.> кьаркьулув (адан са чIехи жуьре);
НЕУБЕДИТЕЛЬНЫЙ;false;false;;;(вичивай) инандирмишиз тежер (вичихъ) инанмишвал ийиз тежер;;;;
НЕЧИСТОТЫ;false;false;;;;;;<мн.нет.> чиркер, нежесар;
НИВЕЛИР;false;false;;;;;;<геогр.> нивелир (ччилин ччинин кьве ва я са шумуд чкадии кьакьанвилерин арада авай тафават чирдай алат);
НИВЕЛИРОВАТЬ;false;false;;;;;;<геод.> нивелировка авун (кьве ва я са шумуд чкадин кьакьанвилин арада авай тафават чирун);
НИЗ;false;false;;;;;;<мн.уст.> халкьдин гегьенш массаяр, агъуз тир гегьенш къатар;
НОВЕЛЛА;false;false;;;;;;<лит.> гъвечIи гьикая, гъвечIи повесть.;
НОВЕЛЛИСТ;false;false;;;;;;<лит.> новеллист, новеллаяр кхьидайди (см. {новелла} 1-манада);
НОВЬ;false;false;;;;;;<мн.нет.с.-х.> хам ччил, цун тавур цIийи ччил;
НОРМАЛИЗАЦИЯ;false;false;;;;;;<мн.нет.см.> {нормализовать};
НОРОВ;false;false;;;;;;<уст.> къилих;
НЭП;false;false;;;({новая экономическая политика}) нэп (экономикадин карда цIийи политика);;;;
НЮХ;false;false;;;;;;<пер.разг.> гьисс, кьатIун;
ПАДЬ;false;false;;;;;;<ж.обл.> дерин кIам;
ПАЛАТА;false;false;;СССР-дин Верховный Советдии составдик квай барабар ихтиярар авай кьве пай|СССР-дин Верховный Совет кьве палатадикай ибарат я: сад Союздин Совет, муькуьди Миллетрин Совет я.;;;;;
ПАМПАСЫ;false;false;;;;;;<ед.нет.геогр.> пампасар (кьибле патан Америкадин еке чуьллер);
ПАМФЛЕТ;false;false;;;;;;<лит.> памфлет (политикадин, обществодин кардиз талукь са гьал, са вакъиа, са кас пислемишна, адан аксина кхьей макъала, брошюра ва я маса шей);
ПАМЯТНИК;false;false;;;;;;<лит.> куьгьне эамандилай амай кхьей затI;
ПАНАМА;false;false;;;({головной убор}) панама (гьяркьуь къерехар галай, гьасир хьиз храй, кьилел алукIдай затI);;;;
ПАНТАЛОНЫ;false;false;;;;;;<уст.> шалвар;
ПАПАША;false;false;;;;;;<пер.> буба дах, тха;
ПАРАЛЛЕЛИЗМ;false;false;;;;;;<лит.> къвал-къвалав гвай цIарара ва я предложенийра ухшар членар гьа сад хьтин чкайрал ишлемишун;
ПАРАПЕТ;false;false;;;;;;<архит.> чахчахар, мегьежар, къерехдай авай цал хьтинди (мес. муькъвелай ават тавун патал къерехдай ядай);
ПАРАФРАЗ, ПАРАФРАЗА;true;true;;;;;;<лит.> са ва са шумуд гафунин, предложениедин метлеб маса гафаралди лугьун, гьа и маса гафар.;
ПАРИ;false;false;;;;;;<ср.нескл.> мерж (таржума, чардума), мерж кьун, таржума кьун, жинаб кьун;
ПАРИТЬСЯ;false;false;;;;;;<пер.разг.> чимила гьекьедал хьун, гьекьер авахьун, чимила ккун (мес. ракъиник);
ПАРТАКТИВ;false;false;;;({партийный актив}) партактив;;;;
ПАРТБИЛЕТ;false;false;;;({партийный билет}) партбилет (партиядин членвилин билет);;;;
ПАРТКОМ;false;false;;;({партийный комитет}) партком (партиядин комитет);;;;
ПАРТКОНФЕРЕНЦИЯ;false;false;;;({партийная конференция}) партконференция (партиядин конференция);;;;
ПАРТОРГ;false;false;;;({партийный организатор}) парторг (партиядин организатор, партийный организатор, партиядин тешкилатдин регьбер);;;;
ПАРТОРГАНИЗАЦИЯ;false;false;;;({партийная организация}) парторганизация, партиядин тешкилат, партиядин организация, партийный организация;;;;
ПАРТСОБРАНИЕ;false;false;;;({партийное собрание}) партиядин собрание, партийный собрание;;;;
ПАРТСТАЖ;false;false;;;({партийный стаж}) партстаж, партийнивилин стаж (партиядиз гьахьайдалай кьулухъ алатай вахт);;;;
ПАРТСЪЕЗД;false;false;;;({партийный съезд)} партсъезд, партиядин съезд;;;;
ПАССАЖ;false;false;;;;;;<пер.уст.> са кардин къене бейхабар уюн, рикIелни алачир са къариб гьал;
ПАССИВ;false;false;;;;;;<эк.> пассив (са карханадин ва я идарадин хиве авай пулунин ва маса шейэрин буржар ва мажбурвилер вири);
ПАСТУШЕСКИЙ, ПАСТУШИЙ;true;true;;;;;;;
ПАТЕНТОВАННЫЙ;false;false;;;;;;<пер.разг.> халис, шаксуз;
ПАТРУЛЬ;false;false;;;;;;<м.воен.> патруль (са чкада къайда хуьниз килигдай, ахтармишдай, къекъведай къаравул аскеррин гъвечIи десте);
ПЕДВУЗ;false;false;;;({педагогическое высшее учебное заведение)} педвуз;;;;
ПЕЛЕРИНА, ПЕЛЕРИНКА;true;true;;;;;;;
ПЕРЕВЯЗКА;false;false;;;(хер) кутIунун, ахъайна кутIун хъувун;;;;
ПЕРЕГОН;false;false;;;(кьве станциядин) ара, арада авай рехъ;;;;
ПЕРЕГОРАТЬ;false;false;;;;;;<несов.см.> {перегореть};
ПЕРЕГРУЖАТЬСЯ;false;false;;;;;;<пер.разг.> жуван хиве кьадардилай гзаф кIвалахар кьун;
ПЕРЕД, ПЕРЕДО;true;true;;;;;;;
ПЕРЕДВИНУТЬ;false;false;;;(анихъ, масанал) юзурун, чIугун, къакъудун, тухвана эцигун;;;;
ПЕРЕДВИНУТЬСЯ;false;false;;;(масанихъ, анихъ) хьун, юзун, фин, чкадилай алатун;;;;
ПЕРЕДРАЗНИТЬ;false;false;;;(са масада) хьтин амалар авун, ухшар макьамар авун;;;;
ПЕРЕЗРЕЛЫЙ;false;false;;;;;;<пер.разг.> чрана гьалдай фейи, вахт алатнавай, акъахай;
ПЕРЕЗРЕТЬ;false;false;;;;;;<пер.разг.> чрана гьял хьун, вахтунилай алатун, акъахун (мес. цуьк);
ПЕРЕКАТИ-ПОЛЕ;false;false;;;(кьурайла вини кьатI хана алатдай ва кIем хьиз чуьлда алчуд жез гару къекъуьрдай са чIуру хъач);;;;
ПЕРЕЛИВАТЬСЯ;false;false;;;(сада-садав зил кьаз агъуз аватиз хкаж хъижез) куркурдин ван хьиз акъатун;;;;
ПЕРЕСАДКА;false;false;;;;;;<ж.-д.> пересадка ( ракьун рекье поезддай эвичIна масадаз акьахун;
ПЕРЕТЯНУТЬ;false;false;;;;;;<пер.разг.> тухун, вичин патаз тухун;
ПЕСНЬ;false;false;;;;;;<уст.> мани|<лит.> мани (манийрикай ибарат тир поэмадин са кьил);
ПЕТИТ;false;false;;;;;;<типог.> петит (типографияда 8 пункттунин куьлуь гьарфарин шрифт);
ПЕТЛЯ;false;false;;;;;;;элкъвей цIар, чарх{
ПЕШКА;false;false;;;;;;<пер.разг.> алад-хъша, вач-хъша, са кесерни авачир гьакIан кас;
ПИГАЛИЦА;false;false;;;;;;<пер.разг.> чIимчIир (аскIан, яхун. гъвечIи инсан);
ПИЛИТЬ;false;false;;;;;;<пер.разг.> къехуьнрун, гъуьнтI гун, гьамиша айибар ийиз ччан къачун, гьамиша ччинар ккун;
ПИЧУТА, ПИЧУЖКА;true;true;;;;;;;
ПЛАВАТЬ;false;false;;;;;;<разг.пер.> хъсандиз тийижиз гьакI шакуналди лугьун, гъавурдик квачиз жавабар гун (мес. экзаменра);
ПЛАЗМА;false;false;;;;;;<мн.нет.биол.> плазма (ивидин, лимфадин ва масабрун жими рангсуз пай);
ПЛАСТМАССА;false;false;;;({пластическая масса}) пластмасса (жуьреба-жуьре затIар расдай, вич хан тийир, жуваз кIандай кIалубда тваз жедай, гьа кIалуб хуьдай масса, материал);;;;
ПЛАТО;false;false;;;;;;<нескл.геогр.> плато (дагъдин кьилел алай дуьзен);
ПЛЕВРИТ;false;false;;;;;;<мн.нет.мед.> плеврит (плевра перде тIа хьун, плеврадин тIал);
ПЛЁС, ПЛЁСО;true;true;;;;;;;
ПЛЕСТИСЬ;false;false;;;;;;<разг.> галчIур хьун;
ПЛОСКОСТЬ;false;false;;;;;;<мат.> дуьз ччин (вичин гьар гьи кьве точкадин арада хьайитIани дуьз цIар чIугваз жедай кьулу винел пад);
ПОБУДИТЬ;false;false;;;(са кар) ийиз тун, ийиз вугун;;;;
ПОБЫТЬ;false;false;;;;;;;хьун{
ПОВЕЛЕВАТЬ;false;false;;;;;;<уст.> гьакимвал авун, агъавал авун;
ПОВЕСТЬ;false;false;;;;;;<лит.> повесть (чIехи, яргъи гьикая);
ПОВЗВОДНО;false;false;;;;;;<нареч.воен.> взводралди, взвод-взвод (дуьзмиш хьун);
ПОВИДАТЬ, ПОВИДАТЬСЯ;true;true;;;;;;;
ПОД;false;false;;;(са кар) патал, (са кар авун) патал;;;;
ПОДАТЬ;false;false;;;;;;<ж.ист.> харж (революциядилай вилик нефесдилай къачудай харж);
ПОДДЕТЬ;false;false;;;;;;<пер.разг.> хкIурун, эцягъун, хкIадай гаф лугьун;
ПОДКОПАТЬСЯ;false;false;;;;;;<пер.разг.> кIаникай эгъуьнна фур атIун, кIаникай геле къекъвена жугъурун (садаз писвал патал);
ПОДКРАШИВАТЬСЯ;false;false;;;;;;<несов.см.> 1) {подкраситься};
ПОДЛИННИК;false;false;;;;;;<лит.> асул вич кхьей чIалал акъатайди (перевод туширди);
ПОДМАЗАТЬ;false;false;;;;;;<пер.разг.> ягъламишун, кIваляй фин, сив ширинрун (яни ришвет гун);
ПОДОГНАТЬ;false;false;;;;;;<пер.разг.> къведайвал авун, гьалтдайвал авун (мес. са кIвалах са вахтунал, са суварал);
ПОДОГРЕТЬ;false;false;;;;;;<пер.разг.> гьевес хкажун, къизмишрун;
ПОДПИСЬ;false;false;;;;;;<мн.нет> къул чIугун;
ПОДРАСТАТЬ;false;false;;;;;;<несов.см.> {подрасти};
ПОДРАСТИТЬ;false;false;;;(хвена) са кьадар чIехи авун;;;;
ПОДСКОЧИТЬ;false;false;;;;;;<разг.пер.> садлагьана гзаф хкаж хьун (мес. температура);
ПОДСТРИЧЬ;false;false;;;(атIана) кьуна куьруь авун;;;;
ПОДСТРОИТЬ;false;false;;;;;;<пер.разг.> туькIуьрун;
ПОДШТАННИКИ;false;false;;;;;;<ед.нет.разг.> вахчег;
ПОДЪЕХАТЬ;false;false;;;;;;<пер.разг.> агатун;
ПОЖАЛОВАТЬ;false;false;;;;;;;атун{
ПОЗДОРОВАТЬСЯ;false;false;;;(сабагь хийир, ахшам хийир лугьун);;;;
ПО3ДРАВИТЕЛЬНЫЙ;true;true;;;;;;;
ПО3ОРИТЬСЯ;true;true;;;;;;;
ПОИМУЩЕСТВЕННЫЙ;false;false;;;(малдал-девлетдал вигьидай, малдилай-девлетдилай къведай (харж, налог);;;;
ПОЛИСМЕН;false;false;;полисмен (Англияда ва США-да полициядин къуллугъчи);;;;;
ПОЛИТОТДЕЛ;false;false;;политотдел (са идарадин, мес. виликди МТС-ра, партийный ва политический кIвалахриз килигдай отдел);;;;;
ПОЛИТЭКОНОМИЯ;false;false;;;({политическая экономия}) политэкономия (обществодин производстводин, экономикадин отношенияр, алакъаяр ахтармишдай илим);;;;
ПОЛОВА;false;false;;;;;;<мн.нет.обл.> см. {мякина};
ПОЛОЖИМ;false;false;;;(рази туширвал ва инанмиш туширвал къалурун патал ишлемишда);;;;
ПОЛОСНУТЬ;false;false;;;(мес. далудай чукIул, къамчи);;;;
ПОЛОСТЬ;false;false;;;;;;<анат.> бушлух;
ПОЛПРЕД;false;false;;({полномочный представитель}) полпред (маса уьлквейра СССР-дин дипломатиядин векил);({полномочный представитель}) полпред (маса уьлквейра СССР-дин дипломатиядин векил);;;;
ПОЛПРЕДСТВО;false;false;;;({полномочное представительство}) полпредство (полпреддин, полпредвилин идара);;;;
ПОЛУСТИШИЕ;false;false;;;;;;<лит> шиирда са цIар ва я цIарцIин кьатI (цезурадалди пай жезвай);
ПОЛУЧКА;false;false;;;;;;<мн.нет> къачун;
ПОЛЬЗОВАТЬСЯ;false;false;;женщины {в СССР пользуются избирательным правом наравне с мужчинами} СССР-да дишегьлийриз итимрихъ галаз сад хьтин сечкидин ихтияр ава;;;;;
ПОМЫКАТЬ;false;false;;;;;;;пис рафтарвал авун{
ПОНУКАТЬ;false;false;;;(гьан-гьан лугьуз) гьерекатиз тун;;;;
ПОПАДАТЬ;false;false;;;;;;<несов.см.> {попасть};
ПОПУЛЯРНЫЙ;false;false;;;(халкьди) майилвал ийизвай;;;;
ПОПУРРИ;false;false;;;;;;<ср.нескл.> попурри (музыкадин жуьреба-жуьре произведенийрин-макьамрин кIусарикай туькIуьрай произведение);
ПОПУТНЫЙ;false;false;;;(са кардихъ галаз) санал жезвай;;;;
ПОРОЖНЯК;false;false;;;;;;<ж.-д.разг.> ичIи (буш) вагон;
ПОРШЕНЬ;false;false;;;;;;<м.тех.> поршень (цилиндрдин къене авай, цилиндрдиз газ, пар ракъурдай ва акъуддай алат);
ПОСИДЕЛКИ;false;false;;;;;;<ед.нет.обл.> хъуьтIуьн йифера садан кIвале кIватI хьунар, хуьруьк финар (мес. жегьилар садан кIвале кIватI хьайи межлис);
ПОСМЕШИШЕ;false;false;;;(масабур вичел) хъуьредайди;;;;
ПОЧТИ ЧТО;true;false;;;;;;;
ПРАКТИЧЕСКИЙ;false;false;;;;;;;практикадиз талукь тир{
ПРАХ;false;false;;;;;;<уст.> руг;
ПРЕВОСХОДИТЬ;false;false;;;;;;<несов.см.> {превзойти};
ПРЕДЕЛ;false;false;;;;;{в пределах СССР} СССР-дин сергьятрин къене;;
ПРЕДРАССУДОК;false;false;;;;;;;куьгьне чIуру адет, куьгьне адетар, куьгьне чIуру фикир, мавгьумат{
ПРЕЗИДИУМ;false;false;;бязи чIехи идарайрин регьбервал ийидай орган, мес. СССР-дин Верховный Советдин Президиум.;;;;;
ПРЕКЛОНЯТЬ;false;false;;;;;;<несов.см.> {преклонить};
ПРЕСМЫКАТЬСЯ;false;false;;;;;;<уст.> руфун галчIуриз фин (мес. гъуьлягъ);
ПРИВАРИТЬ;false;false;;;;;;<тех.> цIай гана кукIурун (ракь);
ПРИВИТЬСЯ;false;false;;;(ягъай дармандин рапуни) кар авун;;;;
ПРИСНИТЬСЯ;false;false;;;(ахвар) акун, ахварай акун;;;;
ПРИСТАВАТЬ;false;false;;;;;;<несов.см.> {пристать};
ПРИСЯГАТЬ;false;false;;;;;;<несов.см.> {присягнуть};
ПРИТЯЗАНИЕ;false;false;;;(са кар, са затI) кIанз дяве кьун;;;;
ПРИТЯ3АТЬ;true;true;;;(са кар, са затI) кIанз дяве кьун;;;;
ПРИУРОЧИВАТЬ;false;false;;;;;;<несов.см.> {приурочить};
ПРИЦЕПИТЬСЯ;false;false;;;;;;<пер.разг.> гьавалат хьун;
ПРИЩУРИВАТЬСЯ;false;false;;;;;;<несов.см.> {прищуриться};
ПРОБРАТЬ;false;false;;;;;;<пер.разг.> дяве авун, кIягъун;
ПРОГЛАЖИВАТЬ;false;false;;;;;;<несов.см.> {прогладить};
ПРОГОН;false;false;;;;;;<ист.мн.> прагун, рекьин гьакъи пул (виликди почтунин балкIанрал алаз финин кири пул);
ПРОДВИГАТЬСЯ;false;false;;;;;;<несов.см.> 1) {продвинуться};
ПРОДЁРГИВАТЬ;false;false;;;;;;<несов.см.> {продёрнуть};
ПРОДОЛЖАТЬ;false;false;;;(са кар) ийиз амукьун;;;;
ПРОДУВНОЙ;false;false;;;;;;<пер.разг.> амалдар, гьарамзадавал квай;
ПРОЕКТИРОВАТЬ;false;false;;;;;;<пер.разг.> фикир авун, къаст авун;
ПРОЗА;false;false;;;;;;<лит.> проза (шиирар тушир литература);
ПРОЗАИЗМ;false;false;;;;;;<лит.> прозаизм (шиирра прозадиз хас тир гафар ишлемишун, гьахьтин гаф);
ПРОЗОДЕЖДА;false;false;;;({производственная одежда}) кIвалахдин партал, кIвалахдал алукIдай партал;;;;
ПРОЛИВ;false;false;;;;;;<геогр.> пролив (кьве гьуьл сад-садак кукIурзавай яд авай гуьтIуь чка);
ПРОЛОТ;false;false;;;;;;<лит.> пролог (литературадин шейина, гзафни-гзаф драмада сифте гьахьдай, башламишдай кьил);
ПРОМТОВАРЫ;false;false;;;({промышленные товары}) промтоварар (мес. парчаяр, къапар ва мсб);;;;
ПРОМФИНПЛАН;false;false;;;({промышленно-финансовый план}) промфинплан (са карханадин промышленностдин кIвалахрин ва финансрин план);;;;
ПРОРЕЗЫВАТЬ;false;false;;;;;;<несов.см.> {прорезать};
ПРОРЫВ;false;false;;;(план бегьемрунин къене кимивал, багьемсузвал;;;;
ПРОСВЕТ;false;false;;;(дакIардин ва я ракIарин) гьяркьуьвал;;;;
ПРОСКВОЗИТЬ;false;false;;;(гар) галукьна мекьи хьун;;;;
ПРОСТАИВАТЬ;false;false;;;;;;<несов.см.> {простоять};
ПРОТЕЖЕ;false;false;;;;;;<ж.нескл.> протеже (къуллугъдал акъвазунин ва виниз экъечIунин карда вичиз са чIехи касдин патай куьмек авай кас);
ПРОТИВОПОКАЗАНИЕ;false;false;;;(са дарман ва я сагърунин са тагьер;;;;
ПРОТИВОПОЛОЖНОСТЬ;false;false;;;(хесетралди ва я маса лишанралди сад-садаз) акси тир кас (ксарикай сад);;;;
ПРОТРАВИТЬ;false;false;;;(кислотадалди) ккун;;;;
ПРОФАКТИВ;false;false;;;({профсоюзный актив}) профактив (профсоюздин актив);;;;
ПРОХОДНОЙ;false;false;;;(вичяй-тIуз) масаниз фидай рехъ авай, масаниз экъечIдай чка авай;;;;
ПРОЧЕРКИВАТЬ;false;false;;;;;;<несов.см.> {прочеркнуть};
ПРОЧЕСАТЬ;false;false;;;;;;<пер.воен.> вири чкайриз гуьлле гун (мес. са тама душмандин аскерар аватIа ахтармишиз тамуз кьиляй-кьилиз гуьлле гун);
ПРОЩАЙ, ПРОЩАЙТЕ;true;true;;;;;;;
ПШЁННЫЙ, ПШОННЫЙ;true;true;;;;;;;
ПЫЛ;false;false;;;;;;<обл.> ялав;
ПЯСТЬ;false;false;;;;;;<ж.анат.> билегдилай агъуз гъил (тупIар галай пай);
САГА;false;false;;;;;;<лит.> сага (къадим заманда Скандинавиядин халкьдин, шиирдалди лагьанвай кьиса);
САМОРОДОК;false;false;;;(вичи образование къачун тавуна) асулдай гзаф еке зигьин (талант) авай кас;;;;
САМОУЧКОЙ;false;false;;;;;;;вичи-вичиз кIелна{
САНВРАЧ;false;false;;;({санитарный врач)} санврач, санитариядин доктор (см. {санитария});;;;
САНКЦИЯ;false;false;;;;;;<мн.полит.> санкцияр (пачагьлугърин арада даговордалди вичи хиве кьур мажбурвилер бегьемар тийиз договор чIурзавай пачагьлугъдин аксина жазадин серенжемар);
САРДИНА;false;false;;;(селедкадин жинсиникай са гъвечIи балугъ);;;;
САТЕЛЛИТ;false;false;;;(са планетадихъ галаз къекъведай;;;;
СБЕРКАССА;false;false;;;({сберегательная касса}) сберкасса;;;;
СБЕРКНИЖКА;false;false;;;({сберегательная книжка}) сберкассадин книжка, сберкассада пул эцигнавай книжка;;;;
СВЕДЕНИЕ;false;false;;;(см. {свести});;;;
СВЕРГАТЬ;false;false;;;;;;<несов.см.> {свергнуть};
СВЕРКА;false;false;;;;;;<типог.> сверка авун;
СВЕРСТАТЬ;false;false;;;;;;<типог.> вёрстка авун (см. {верстать});
СВЕТОБОЯЗНЬ;false;false;;;;;;<мн.нет.мед.> экуьникай кичIевал (вилеривай экуьниз килигиз тежер, экв эхиз тежер азар);
СВОЕВРЕМЕННЫЙ;false;false;;;(вичин) вахтунда хьайи;;;;
СВЯТОТАТСТВО;false;false;;;;;;<рел.> диндикай, аллагьдикай ягьанат авун;
СДОБРИТЬ;false;false;;;(са затI, мес. гъери, къаймах) кутуна хъсанрун, дадлу авун;;;;
СЁ;false;false;;;;;;<местоим.> ам (ва я им);
СЕБЕ;false;false;;;;;;<частица.разг.> жуваз;
СЕВООБОРОТ;false;false;;;;;;<с.-х.> севооборот (никIера магьсулар нубатдалди дегишрна цунин къайда);
СЕЛИТРА;false;false;;;;;;<мн.нет.хим.> селитра (хъиткьиндай шейэр расун ва агрономияда ччил гужлу авун патал ишлемищдай азотни турши квай кьел);
СЕМССУДА;false;false;;;(семенная ссуда) цадай тумунин бурж;;;;
СЕМФОНД;false;false;;;({семенной фонд)} тумарин фонд;;;;
СЕНТИМЕНТАЛЬНЫЙ;false;false;;;;;;<лит.> сентиментализмдин;
СЕРА;false;false;;;;;;<хим.> гугурт;
СЕРП;false;false;;;;;{серп и молот} мукални кIута (СССР-дин пачагьлугъдин герб);;
СЕРЫЙ;false;false;;;(рагъул;;;;
СЕССИЯ;false;false;;сессия (са идарадин ва я кIелдай чкадин тайин тир вахтара жедай кIватI хьун, заседание, кIвалахдин вахт,  мес. СССР-дин Верховный Советдин сессия, яни нубатда авай месэлайриз килигун патал депутатар кIватI хьун;;;;;
СЕЧЬ;false;false;;;;;;<ж.ист.> Сечь (16-18 лагьай виш йисара Украинада Запорожьедин казакрин дяведин тешкилат);
СИГНАТУРА;false;false;;;;;;<типог.> басма ийизвай ктабдин печатный листерин кьадар къалуриз гьар печатный листинин кIанихъ кхьидай цифра;
СИМПТОМАТИЧЕСКИЙ, СИМПТОМАТИЧНЫЙ;true;true;;;;;;;
СИСТЕМА;false;false;;;;;{он работает в системе министерства просвещения} ада просвещениедин министерстерстводин сисгемада, мес. школада, ОНО-да, кIвалахзава;;
СКАЗ;false;false;;;;;;<лит.> сказ, кьиса (эхтилатзавай касди вичин мецелай ахъайдай кьиса, эхтилат).;
СКАЛЬПЕЛЬ;false;false;;;;;;<м.мед.> скальпель (докторди операция ийидай какур чукIул);
СКЕТЧ;false;false;;;;;;<театр> скетч (хъуьруьнар, эарафатар квай куьруь пьеса, тамаша);
СКРЁБ, СКРЕБЛА, СКРЕБУ;true;true;;;;;;;
СКРЕЩИВАТЬСЯ;false;false;;;;;;<несов.см.> 1) {окреститься};
СКУЛИТЬ;false;false;;;;;;<пер.разг.> шел-хвал авун, айхь-уйхь авун;
СЛАСТЬ;false;false;;;;;;<пер.разг.> лезет, кеф;
СЛИВ;false;false;;;(кьеж, яд) авадардай (авахьдай) чка;;;;
СЛОВЕСНОСТЬ;false;false;;;;;;<лит.> литература;
СЛОВОИЗМЕНЕНИЕ;false;false;;;;;;<грам.> гафунин дегиш хьун (мес. кIел, кIеле. кIелен);
СЛОВООБРАЗОВАНИЕ;false;false;;;;;;<мн.нет.грам.> гаф (гафар);
СМЕРДЕТЬ;false;false;;;(вичикай) пис ни атун, пис ни галаз хьун;;;;
СМЕЩАТЬ;false;false;;;;;;<несов.см.> {сместить};
СМОРЧОК;false;false;;;;;;<пер.разг.> шуьткьвей;
СМЯТЬ;false;false;;;;;;<воен.пер.> басмишна буьнжуькьрун, кIур гун, хун (мес. душмандин кьушун);
СНАСТЬ;false;false;;;;;;<пер.мор.> гимидин цIилер ва муфтулар;
СНИЗИТЬ;false;false;;;(мес. къиметар).;;;;
СНОСКА;false;false;;;;;;<типог.> сноска (асул текстдин метлеб ачухриз ктабдин ччинин кIане ччараз гудай къейд);
СОБЛАЗНЯТЬ;false;false;;;;;;<несов.см.> {соблазнить};
СОВДЕП;false;false;;;({совет депутатов}) <ист.> депутатрин совет;;;;
СОВЕРШАТЬСЯ;false;false;;;;;;<несов.см.> 1) {совершаться};
СОВНАРКОМ;false;false;;;({Совет народных Комиссаров}) Совнарком (Халкьдин Комиссаррин Совет, гила Миинстррин Совет);;;;
СОЛО;false;false;;;;;;<муз.> соло (кьилди сада ягъун ва я са алатдал ягъун патал кхьенвай музыкадин макьам, шей);
СОНЕТ;false;false;;;;;;<лит.> сонет (вичиз хас тир къайдада туькIуьрнавай цIукьуд цIарцIикай ибарат шиир, мани);
СОНЯ;false;false;;;;;;<разг.> гзаф ксудайди, ахварал рикI алайди;
СООТВЕТСТВИЕ;false;false;;;;;;;килигайвал, кьурвал{
СОЦДОГОВОР;false;false;;;({социалистический договор}) соцдоговор (социализмдин договор);;;;
СОЦСОРЕВНОВАНИЕ;false;false;;;({социалистическое соревнование}) соцсоревнование (социализмдин соревнование);;;;
СОЦСТРАХ;false;false;;;({социальное страхование}) соцстрах (социальное страхование);;;;
СОЧИНИТЕЛЬ;false;false;;;;;;<уст.> писатель (шиирар, гьикаяр туькIуьрдайди, кхьидайди);
СПИВАТЬСЯ;false;false;;;;;;<несов.см.> {спиться};
СПОРТ;false;false;;;(гзафни-гзаф къугъунрин ва акъажунрин формада тухудай физкультурадин крар);;;;
СПРЯГАТЬ;false;false;;;;;;<несов.грам.> глагол дегишрун (глагол ксариз, кьадардиз, вахтариз килигна дегишрун);
СПРЯГАТЬСЯ;false;false;;;;;;<несов.грам.> глагол дегиш хьун (глагол вахтариз, ксариз, кьадардиз килигна);
СРАВНЕНИЕ;false;false;;;;;;<лит.> ташпигь.;
СТАЛО БЫТЬ;true;false;;;;;;;
СТАНДАРТИЗИРОВАТЬ, СТАНДАРТИЗОВАТЬ;true;true;;;;;;;
СТАНОВОЙ;false;false;;;(ва я {становой пристав}) <ист.> становой пристав (виликди уездда са участкадин начальник тир полициядин чиновник);;;;
СТАРЕЙШИНА;false;false;;;;;;<м.ист.> агъсакьал;
СТАРИТЬ;false;false;;;;;;;кьуьзуьди хьиз къалурун{
СТАРШИНА;false;false;;;;;;<ист.> кавха, юзбаши;
СТЕНГАЗЕТА;false;false;;;({стенная газета}) цлан газет;;;;
СТЕНОБИТНЫЙ;false;false;;;;;;<воен.уст.> цлар чукIурдай (мес. туп);
СТЕРЕОТИПНЫЙ;false;false;;;;;;<типог.> стереотипдин, стереотип тир, стереотипдай басма авур;
СТОПА;false;false;;;;;;<пер.уст.> ккам, къадам|<лит.> стопа (шиирдин цIарцIин са тайин уьлчмеда туькIуьрнавай кIус, пай);
СТРАХКАССА;false;false;;;({страховая касса}) страхкасса;;;;
СТРЕЛКА;false;false;;;;;;<ж.-д.> стрелка (ракьун рекье поезд ва я трамвай маса рекьиз акъудун патал рельсер юзурдай алатар);
СТРОИТЬСЯ;false;false;;;;;;<воен.> жергеда (жергейра) акъвазун, жергейра дуьзмиш хьун;
СТРЯПАТЬ;false;false;;;;;;<пер.разг.> расун, гьазурун, туькIуьрун;
СТЫДНО;false;false;;;;;;<нареч.в.знач.> <сказ.> регъуь я, айиб я;
СТЫК;false;false;;;(кьве ва я са шумуд затIунин кьилер) сад-садахъ агакьнавай чка, ккIанвай чка;;;;
СУБТРОПИКИ;false;false;;;;;;<ед.нет.геогр.> субтропикар (ччилин шардии тропикрилай кефердихъ ва кьибледихъ галай ва гьавадалди чими тропикрин зулуниз мукьва (тир чкаяр);
СЪЕЗДИТЬ;false;false;;;(акьахдай затIуна аваз);;;;